IBPFAHIO_00001	1
IBPFAHIO_00003	15
IBPFAHIO_00004	849
IBPFAHIO_00006	4896
IBPFAHIO_00007	1121
IBPFAHIO_00008	107
IBPFAHIO_00009	6625
IBPFAHIO_00010	10551
IBPFAHIO_00011	376
IBPFAHIO_00012	652
IBPFAHIO_00013	79692
IBPFAHIO_00014	6936
IBPFAHIO_00015	5860
IBPFAHIO_00016	6258
IBPFAHIO_00017	8258
IBPFAHIO_00018	40918
IBPFAHIO_00019	121685
IBPFAHIO_00020	26
IBPFAHIO_00021	440
IBPFAHIO_00022	0
IBPFAHIO_00023	18
IBPFAHIO_00024	1049
IBPFAHIO_00025	41784
IBPFAHIO_00026	97
IBPFAHIO_00027	48000
IBPFAHIO_00028	6733
IBPFAHIO_00029	4282
IBPFAHIO_00030	39
IBPFAHIO_00031	1652
IBPFAHIO_00032	3113
IBPFAHIO_00033	3
IBPFAHIO_00034	331
IBPFAHIO_00035	72957
IBPFAHIO_00037	1338
IBPFAHIO_00038	18479
IBPFAHIO_00039	5636
IBPFAHIO_00040	1382
IBPFAHIO_00041	5585
IBPFAHIO_00042	10071
IBPFAHIO_00043	8435
IBPFAHIO_00044	8907
IBPFAHIO_00045	813
IBPFAHIO_00046	15121
IBPFAHIO_00047	31711
IBPFAHIO_00048	9059
IBPFAHIO_00049	13190
IBPFAHIO_00050	12959
IBPFAHIO_00051	2502
IBPFAHIO_00052	1426
IBPFAHIO_00053	1568
IBPFAHIO_00054	6029
IBPFAHIO_00055	2935
IBPFAHIO_00056	2117
IBPFAHIO_00057	0
IBPFAHIO_00058	0
IBPFAHIO_00059	10829
IBPFAHIO_00060	61
IBPFAHIO_00061	8955
IBPFAHIO_00062	11224
IBPFAHIO_00063	5521
IBPFAHIO_00064	411
IBPFAHIO_00065	412
IBPFAHIO_00066	502
IBPFAHIO_00067	771
IBPFAHIO_00068	2310
IBPFAHIO_00069	1608
IBPFAHIO_00070	1578
IBPFAHIO_00071	4532
IBPFAHIO_00072	329
IBPFAHIO_00073	626
IBPFAHIO_00074	105
IBPFAHIO_00075	575
IBPFAHIO_00076	939
IBPFAHIO_00077	1567
IBPFAHIO_00078	1939
IBPFAHIO_00079	505
IBPFAHIO_00080	3371
IBPFAHIO_00081	0
IBPFAHIO_00082	0
IBPFAHIO_00083	0
IBPFAHIO_00084	135
IBPFAHIO_00085	175
IBPFAHIO_00086	81
IBPFAHIO_00087	157
IBPFAHIO_00088	1052
IBPFAHIO_00089	56
IBPFAHIO_00090	0
IBPFAHIO_00091	117
IBPFAHIO_00092	48
IBPFAHIO_00093	192
IBPFAHIO_00094	3
IBPFAHIO_00095	38576
IBPFAHIO_00096	11847
IBPFAHIO_00097	1391
IBPFAHIO_00098	1817
IBPFAHIO_00099	41492
IBPFAHIO_00100	2600
IBPFAHIO_00101	1193
IBPFAHIO_00102	1672
IBPFAHIO_00103	1902
IBPFAHIO_00104	1787
IBPFAHIO_00105	3056
IBPFAHIO_00106	10154
IBPFAHIO_00107	6212
IBPFAHIO_00108	2065
IBPFAHIO_00109	9836
IBPFAHIO_00110	33397
IBPFAHIO_00111	27255
IBPFAHIO_00112	33832
IBPFAHIO_00113	7676
IBPFAHIO_00114	1651
IBPFAHIO_00115	1340
IBPFAHIO_00116	2594
IBPFAHIO_00117	7098
IBPFAHIO_00118	1497
IBPFAHIO_00119	23781
IBPFAHIO_00120	6957
IBPFAHIO_00121	1189
IBPFAHIO_00122	637882
IBPFAHIO_00123	153
IBPFAHIO_00124	19
IBPFAHIO_00125	245
IBPFAHIO_00126	8335
IBPFAHIO_00127	41169
IBPFAHIO_00128	70208
IBPFAHIO_00129	15409
IBPFAHIO_00130	21405
IBPFAHIO_00131	7425
IBPFAHIO_00132	2971
IBPFAHIO_00133	19193
IBPFAHIO_00134	51907
IBPFAHIO_00135	46241
IBPFAHIO_00136	8130
IBPFAHIO_00137	24965
IBPFAHIO_00138	5983
IBPFAHIO_00139	9399
IBPFAHIO_00140	62528
IBPFAHIO_00141	33038
IBPFAHIO_00142	6012
IBPFAHIO_00143	24610
IBPFAHIO_00144	12287
IBPFAHIO_00145	1998
IBPFAHIO_00146	2441
IBPFAHIO_00147	34676
IBPFAHIO_00148	28877
IBPFAHIO_00149	2427
IBPFAHIO_00150	2420
IBPFAHIO_00151	327
IBPFAHIO_00152	2032
IBPFAHIO_00153	3356
IBPFAHIO_00154	9695
IBPFAHIO_00155	431
IBPFAHIO_00156	5313
IBPFAHIO_00157	8918
IBPFAHIO_00158	9299
IBPFAHIO_00159	76998
IBPFAHIO_00160	12107
IBPFAHIO_00161	11
IBPFAHIO_00162	59206
IBPFAHIO_00163	80110
IBPFAHIO_00164	25116
IBPFAHIO_00165	45830
IBPFAHIO_00166	20082
IBPFAHIO_00167	22152
IBPFAHIO_00168	22197
IBPFAHIO_00169	34517
IBPFAHIO_00170	16279
IBPFAHIO_00171	269
IBPFAHIO_00172	391
IBPFAHIO_00173	2164
IBPFAHIO_00174	110
IBPFAHIO_00175	890
IBPFAHIO_00176	1186
IBPFAHIO_00177	1465
IBPFAHIO_00178	660
IBPFAHIO_00179	14609
IBPFAHIO_00180	30988
IBPFAHIO_00181	34625
IBPFAHIO_00182	82758
IBPFAHIO_00183	87185
IBPFAHIO_00184	45302
IBPFAHIO_00185	5476
IBPFAHIO_00186	31347
IBPFAHIO_00187	12767
IBPFAHIO_00188	2232
IBPFAHIO_00189	54897
IBPFAHIO_00190	124629
IBPFAHIO_00191	14412
IBPFAHIO_00192	29574
IBPFAHIO_00193	8544
IBPFAHIO_00194	1555
IBPFAHIO_00195	1449
IBPFAHIO_00196	1581
IBPFAHIO_00197	2029
IBPFAHIO_00198	7022
IBPFAHIO_00199	22939
IBPFAHIO_00200	21457
IBPFAHIO_00201	9425
IBPFAHIO_00202	20679
IBPFAHIO_00203	48285
IBPFAHIO_00204	84906
IBPFAHIO_00205	5938
IBPFAHIO_00206	201
IBPFAHIO_00207	3431
IBPFAHIO_00208	3512
IBPFAHIO_00209	619
IBPFAHIO_00210	511
IBPFAHIO_00211	716
IBPFAHIO_00212	3455
IBPFAHIO_00213	5427
IBPFAHIO_00214	8011
IBPFAHIO_00215	7660
IBPFAHIO_00216	8368
IBPFAHIO_00217	1661
IBPFAHIO_00218	4818
IBPFAHIO_00219	1366
IBPFAHIO_00220	311
IBPFAHIO_00221	588
IBPFAHIO_00222	269
IBPFAHIO_00223	219
IBPFAHIO_00224	129
IBPFAHIO_00225	439
IBPFAHIO_00226	490
IBPFAHIO_00227	180
IBPFAHIO_00228	3998
IBPFAHIO_00229	2371
IBPFAHIO_00230	4902
IBPFAHIO_00231	3297
IBPFAHIO_00232	3746
IBPFAHIO_00233	48128
IBPFAHIO_00234	463
IBPFAHIO_00235	0
IBPFAHIO_00236	9632
IBPFAHIO_00237	13458
IBPFAHIO_00238	17693
IBPFAHIO_00239	8918
IBPFAHIO_00240	6983
IBPFAHIO_00241	33967
IBPFAHIO_00242	20479
IBPFAHIO_00243	70497
IBPFAHIO_00244	31798
IBPFAHIO_00245	17966
IBPFAHIO_00246	5710
IBPFAHIO_00247	67940
IBPFAHIO_00248	14210
IBPFAHIO_00249	41729
IBPFAHIO_00250	5855
IBPFAHIO_00251	43767
IBPFAHIO_00252	36519
IBPFAHIO_00253	0
IBPFAHIO_00254	841
IBPFAHIO_00255	1514
IBPFAHIO_00256	337
IBPFAHIO_00257	1818
IBPFAHIO_00258	7119
IBPFAHIO_00259	3998
IBPFAHIO_00260	1244
IBPFAHIO_00261	2513
IBPFAHIO_00262	12881
IBPFAHIO_00263	5327
IBPFAHIO_00264	9643
IBPFAHIO_00265	14200
IBPFAHIO_00266	27857
IBPFAHIO_00267	146
IBPFAHIO_00268	21
IBPFAHIO_00269	18
IBPFAHIO_00270	11839
IBPFAHIO_00271	1702
IBPFAHIO_00272	54684
IBPFAHIO_00273	49
IBPFAHIO_00274	181
IBPFAHIO_00275	30
IBPFAHIO_00276	40
IBPFAHIO_00277	152
IBPFAHIO_00278	8
IBPFAHIO_00279	139
IBPFAHIO_00280	236
IBPFAHIO_00281	1481
IBPFAHIO_00282	15374
IBPFAHIO_00283	1008
IBPFAHIO_00284	1008
IBPFAHIO_00285	4216
IBPFAHIO_00286	56
IBPFAHIO_00287	208
IBPFAHIO_00288	270
IBPFAHIO_00289	723
IBPFAHIO_00290	2431
IBPFAHIO_00291	1043
IBPFAHIO_00292	103
IBPFAHIO_00293	77
IBPFAHIO_00294	15
IBPFAHIO_00295	3
IBPFAHIO_00296	5
IBPFAHIO_00297	11
IBPFAHIO_00298	8
IBPFAHIO_00299	8
IBPFAHIO_00300	1
IBPFAHIO_00301	15
IBPFAHIO_00302	79
IBPFAHIO_00303	51
IBPFAHIO_00304	1874
IBPFAHIO_00305	53974
IBPFAHIO_00306	144
IBPFAHIO_00307	1865
IBPFAHIO_00308	2384
IBPFAHIO_00309	1965
IBPFAHIO_00310	1579
IBPFAHIO_00312	13902
IBPFAHIO_00313	10477
IBPFAHIO_00314	43507
IBPFAHIO_00315	28730
IBPFAHIO_00316	3466
IBPFAHIO_00317	41841
IBPFAHIO_00318	114290
IBPFAHIO_00319	28382
IBPFAHIO_00320	6188
IBPFAHIO_00321	733
IBPFAHIO_00322	115649
IBPFAHIO_00323	17841
IBPFAHIO_00324	131
IBPFAHIO_00325	195
IBPFAHIO_00326	505
IBPFAHIO_00327	195
IBPFAHIO_00328	75406
IBPFAHIO_00329	35860
IBPFAHIO_00330	69849
IBPFAHIO_00331	9764
IBPFAHIO_00332	0
IBPFAHIO_00333	607
IBPFAHIO_00334	1105
IBPFAHIO_00335	139
IBPFAHIO_00336	140
IBPFAHIO_00337	3458
IBPFAHIO_00338	461
IBPFAHIO_00339	709
IBPFAHIO_00340	6606
IBPFAHIO_00341	555
IBPFAHIO_00342	4549
IBPFAHIO_00343	1427
IBPFAHIO_00344	546826
IBPFAHIO_00345	3467
IBPFAHIO_00346	996
IBPFAHIO_00347	5395
IBPFAHIO_00348	781
IBPFAHIO_00349	4419
IBPFAHIO_00350	1128
IBPFAHIO_00351	899
IBPFAHIO_00352	391
IBPFAHIO_00353	207
IBPFAHIO_00354	520
IBPFAHIO_00355	490
IBPFAHIO_00356	478
IBPFAHIO_00357	955
IBPFAHIO_00358	4296
IBPFAHIO_00359	1668
IBPFAHIO_00360	530
IBPFAHIO_00361	3768
IBPFAHIO_00362	461
IBPFAHIO_00363	6153
IBPFAHIO_00364	681
IBPFAHIO_00365	115
IBPFAHIO_00366	63
IBPFAHIO_00367	7702
IBPFAHIO_00368	14176
IBPFAHIO_00369	35297
IBPFAHIO_00370	24627
IBPFAHIO_00371	10567
IBPFAHIO_00372	6493
IBPFAHIO_00373	972
IBPFAHIO_00374	5577
IBPFAHIO_00375	4446
IBPFAHIO_00376	295
IBPFAHIO_00377	2279
IBPFAHIO_00378	3289
IBPFAHIO_00379	1612
IBPFAHIO_00380	14099
IBPFAHIO_00381	22692
IBPFAHIO_00382	1224
IBPFAHIO_00383	1790
IBPFAHIO_00384	2297
IBPFAHIO_00385	2719
IBPFAHIO_00386	253
IBPFAHIO_00387	6450
IBPFAHIO_00388	3496
IBPFAHIO_00389	6098
IBPFAHIO_00390	30087
IBPFAHIO_00391	27830
IBPFAHIO_00392	22810
IBPFAHIO_00393	29231
IBPFAHIO_00394	19929
IBPFAHIO_00395	26204
IBPFAHIO_00396	8204
IBPFAHIO_00397	128406
IBPFAHIO_00398	3666
IBPFAHIO_00399	2714
IBPFAHIO_00400	118
IBPFAHIO_00401	12
IBPFAHIO_00402	25
IBPFAHIO_00403	1801
IBPFAHIO_00404	72
IBPFAHIO_00405	22
IBPFAHIO_00406	41
IBPFAHIO_00407	399
IBPFAHIO_00408	144
IBPFAHIO_00409	111
IBPFAHIO_00410	359
IBPFAHIO_00411	1132
IBPFAHIO_00412	613
IBPFAHIO_00413	5339
IBPFAHIO_00414	8608
IBPFAHIO_00415	25548
IBPFAHIO_00416	774
IBPFAHIO_00417	748
IBPFAHIO_00418	450
IBPFAHIO_00419	85
IBPFAHIO_00420	16
IBPFAHIO_00421	0
IBPFAHIO_00422	39822
IBPFAHIO_00423	903
IBPFAHIO_00424	3602
IBPFAHIO_00425	1236
IBPFAHIO_00426	10157
IBPFAHIO_00427	15681
IBPFAHIO_00428	19040
IBPFAHIO_00429	2975
IBPFAHIO_00430	25664
IBPFAHIO_00431	17667
IBPFAHIO_00432	49822
IBPFAHIO_00433	3755
IBPFAHIO_00434	38
IBPFAHIO_00435	57745
IBPFAHIO_00436	23565
IBPFAHIO_00437	14091
IBPFAHIO_00438	9180
IBPFAHIO_00439	13413
IBPFAHIO_00440	10699
IBPFAHIO_00441	7748
IBPFAHIO_00442	4179
IBPFAHIO_00443	7926
IBPFAHIO_00444	54243
IBPFAHIO_00445	18858
IBPFAHIO_00446	13300
IBPFAHIO_00447	10527
IBPFAHIO_00448	10676
IBPFAHIO_00449	8974
IBPFAHIO_00450	29035
IBPFAHIO_00451	11290
IBPFAHIO_00452	5760
IBPFAHIO_00453	13922
IBPFAHIO_00454	133071
IBPFAHIO_00455	21062
IBPFAHIO_00456	9247
IBPFAHIO_00457	2752
IBPFAHIO_00458	10227
IBPFAHIO_00459	11646
IBPFAHIO_00460	30167
IBPFAHIO_00461	1591
IBPFAHIO_00462	37776
IBPFAHIO_00463	12529
IBPFAHIO_00464	458
IBPFAHIO_00465	275
IBPFAHIO_00466	191
IBPFAHIO_00467	294
IBPFAHIO_00468	174
IBPFAHIO_00469	5388
IBPFAHIO_00470	47203
IBPFAHIO_00471	31919
IBPFAHIO_00472	27025
IBPFAHIO_00473	2759
IBPFAHIO_00474	1922
IBPFAHIO_00475	32988
IBPFAHIO_00476	1
IBPFAHIO_00477	133
IBPFAHIO_00478	13647
IBPFAHIO_00479	6809
IBPFAHIO_00480	2286
IBPFAHIO_00481	1121
IBPFAHIO_00482	26236
IBPFAHIO_00483	51387
IBPFAHIO_00484	6433
IBPFAHIO_00485	78525
IBPFAHIO_00486	1624
IBPFAHIO_00487	1337
IBPFAHIO_00488	432856
IBPFAHIO_00489	8228
IBPFAHIO_00490	12822
IBPFAHIO_00491	21049
IBPFAHIO_00492	8253
IBPFAHIO_00493	25933
IBPFAHIO_00494	11186
IBPFAHIO_00495	10011
IBPFAHIO_00496	6850
IBPFAHIO_00497	54300
IBPFAHIO_00498	28751
IBPFAHIO_00499	167262
IBPFAHIO_00500	3591
IBPFAHIO_00501	150
IBPFAHIO_00502	4605
IBPFAHIO_00503	4458
IBPFAHIO_00504	4710
IBPFAHIO_00505	5872
IBPFAHIO_00506	23043
IBPFAHIO_00507	2238
IBPFAHIO_00508	6050
IBPFAHIO_00509	1802
IBPFAHIO_00510	13390
IBPFAHIO_00511	2761
IBPFAHIO_00512	6127
IBPFAHIO_00513	4424
IBPFAHIO_00514	28796
IBPFAHIO_00515	23375
IBPFAHIO_00516	7393
IBPFAHIO_00517	22395
IBPFAHIO_00518	4816
IBPFAHIO_00519	31467
IBPFAHIO_00520	68202
IBPFAHIO_00521	42628
IBPFAHIO_00522	16002
IBPFAHIO_00523	2
IBPFAHIO_00524	7172
IBPFAHIO_00525	12777
IBPFAHIO_00526	615
IBPFAHIO_00527	5554
IBPFAHIO_00528	3296
IBPFAHIO_00529	2062
IBPFAHIO_00530	28660
IBPFAHIO_00532	3733
IBPFAHIO_00533	160699
IBPFAHIO_00534	8289
IBPFAHIO_00535	14992
IBPFAHIO_00536	348
IBPFAHIO_00537	11090
IBPFAHIO_00538	5231
IBPFAHIO_00539	9819
IBPFAHIO_00540	26434
IBPFAHIO_00542	1511
IBPFAHIO_00543	44316
IBPFAHIO_00544	3590
IBPFAHIO_00545	8841
IBPFAHIO_00546	17976
IBPFAHIO_00547	9204
IBPFAHIO_00548	7828
IBPFAHIO_00549	2766
IBPFAHIO_00550	5886
IBPFAHIO_00551	1862
IBPFAHIO_00552	1715
IBPFAHIO_00553	10805
IBPFAHIO_00554	10405
IBPFAHIO_00555	5888
IBPFAHIO_00556	2599
IBPFAHIO_00557	938
IBPFAHIO_00558	629
IBPFAHIO_00559	214
IBPFAHIO_00560	13802
IBPFAHIO_00561	4477
IBPFAHIO_00562	5013
IBPFAHIO_00563	20611
IBPFAHIO_00564	13518
IBPFAHIO_00565	25205
IBPFAHIO_00566	106216
IBPFAHIO_00567	26754
IBPFAHIO_00568	6344
IBPFAHIO_00569	10985
IBPFAHIO_00570	47403
IBPFAHIO_00571	4910
IBPFAHIO_00572	2196
IBPFAHIO_00573	27872
IBPFAHIO_00574	32243
IBPFAHIO_00575	10769
IBPFAHIO_00576	13282
IBPFAHIO_00577	3247
IBPFAHIO_00578	15713
IBPFAHIO_00579	111
IBPFAHIO_00580	41
IBPFAHIO_00581	10
IBPFAHIO_00582	134
IBPFAHIO_00583	245
IBPFAHIO_00584	186
IBPFAHIO_00585	369031
IBPFAHIO_00586	426455
IBPFAHIO_00587	385156
IBPFAHIO_00588	94996
IBPFAHIO_00589	267840
IBPFAHIO_00590	298686
IBPFAHIO_00591	640700
IBPFAHIO_00592	206270
IBPFAHIO_00593	53196
IBPFAHIO_00594	218098
IBPFAHIO_00595	11694
IBPFAHIO_00596	304463
IBPFAHIO_00597	108308
IBPFAHIO_00598	36151
IBPFAHIO_00599	76282
IBPFAHIO_00600	46918
IBPFAHIO_00601	378
IBPFAHIO_00602	112
IBPFAHIO_00603	144
IBPFAHIO_00604	107
IBPFAHIO_00605	114
IBPFAHIO_00606	23737
IBPFAHIO_00607	23853
IBPFAHIO_00608	37790
IBPFAHIO_00609	9595
IBPFAHIO_00610	8835
IBPFAHIO_00611	4746
IBPFAHIO_00612	1358
IBPFAHIO_00613	28027
IBPFAHIO_00614	8503
IBPFAHIO_00615	5648
IBPFAHIO_00616	3064
IBPFAHIO_00617	2124
IBPFAHIO_00618	784
IBPFAHIO_00619	101
IBPFAHIO_00620	30791
IBPFAHIO_00621	16017
IBPFAHIO_00622	20830
IBPFAHIO_00623	489
IBPFAHIO_00625	1331
IBPFAHIO_00626	1270
IBPFAHIO_00627	219
IBPFAHIO_00628	1469
IBPFAHIO_00629	875
IBPFAHIO_00630	8697
IBPFAHIO_00631	5191
IBPFAHIO_00632	25749
IBPFAHIO_00633	7135
IBPFAHIO_00634	4861
IBPFAHIO_00635	7167
IBPFAHIO_00636	5099
IBPFAHIO_00637	16096
IBPFAHIO_00638	1318
IBPFAHIO_00639	9435
IBPFAHIO_00640	11651
IBPFAHIO_00641	132
IBPFAHIO_00642	1952
IBPFAHIO_00643	44864
IBPFAHIO_00644	7560
IBPFAHIO_00645	6989
IBPFAHIO_00646	4002
IBPFAHIO_00647	5414
IBPFAHIO_00648	3621
IBPFAHIO_00649	2753
IBPFAHIO_00650	20120
IBPFAHIO_00651	4328
IBPFAHIO_00652	17407
IBPFAHIO_00653	69935
IBPFAHIO_00654	33492
IBPFAHIO_00655	7911
IBPFAHIO_00656	8232
IBPFAHIO_00657	11152
IBPFAHIO_00658	14350
IBPFAHIO_00659	25632
IBPFAHIO_00660	5131
IBPFAHIO_00661	3381
IBPFAHIO_00662	11433
IBPFAHIO_00663	13066
IBPFAHIO_00664	705
IBPFAHIO_00665	5647
IBPFAHIO_00666	6254
IBPFAHIO_00667	18803
IBPFAHIO_00668	46880
IBPFAHIO_00669	20755
IBPFAHIO_00670	2546
IBPFAHIO_00671	13720
IBPFAHIO_00672	10869
IBPFAHIO_00673	20110
IBPFAHIO_00674	31736
IBPFAHIO_00675	15840
IBPFAHIO_00676	6117
IBPFAHIO_00677	9572
IBPFAHIO_00678	17820
IBPFAHIO_00679	7310
IBPFAHIO_00680	1582
IBPFAHIO_00681	13465
IBPFAHIO_00682	19077
IBPFAHIO_00683	3548
IBPFAHIO_00684	1356
IBPFAHIO_00685	19124
IBPFAHIO_00686	34764
IBPFAHIO_00687	7639
IBPFAHIO_00688	152046
IBPFAHIO_00689	22133
IBPFAHIO_00690	158235
IBPFAHIO_00691	4493
IBPFAHIO_00692	14990
IBPFAHIO_00693	4166
IBPFAHIO_00694	453
IBPFAHIO_00695	5701
IBPFAHIO_00696	1516
IBPFAHIO_00697	73935
IBPFAHIO_00698	56489
IBPFAHIO_00699	7236
IBPFAHIO_00700	17630
IBPFAHIO_00701	11071
IBPFAHIO_00702	12945
IBPFAHIO_00703	6658
IBPFAHIO_00704	17469
IBPFAHIO_00705	2
IBPFAHIO_00706	6362
IBPFAHIO_00707	9558
IBPFAHIO_00708	17322
IBPFAHIO_00709	6
IBPFAHIO_00710	78543
IBPFAHIO_00711	36081
IBPFAHIO_00712	12989
IBPFAHIO_00713	6071
IBPFAHIO_00714	1732
IBPFAHIO_00715	1108
IBPFAHIO_00716	9836
IBPFAHIO_00717	213294
IBPFAHIO_00718	14159
IBPFAHIO_00719	5000
IBPFAHIO_00720	66020
IBPFAHIO_00721	6534
IBPFAHIO_00722	13003
IBPFAHIO_00723	26163
IBPFAHIO_00724	10944
IBPFAHIO_00725	11806
IBPFAHIO_00726	1117
IBPFAHIO_00727	68890
IBPFAHIO_00728	13380
IBPFAHIO_00729	4475
IBPFAHIO_00730	44
IBPFAHIO_00731	152
IBPFAHIO_00732	2153
IBPFAHIO_00733	344
IBPFAHIO_00734	15508
IBPFAHIO_00735	1433
IBPFAHIO_00736	216
IBPFAHIO_00737	3287
IBPFAHIO_00738	426
IBPFAHIO_00739	158
IBPFAHIO_00740	128
IBPFAHIO_00741	21
IBPFAHIO_00742	131
IBPFAHIO_00743	47
IBPFAHIO_00744	25
IBPFAHIO_00745	225
IBPFAHIO_00746	875
IBPFAHIO_00747	213
IBPFAHIO_00748	2425
IBPFAHIO_00749	4528
IBPFAHIO_00750	429
IBPFAHIO_00751	1727
IBPFAHIO_00752	6021
IBPFAHIO_00753	19232
IBPFAHIO_00754	774
IBPFAHIO_00755	888
IBPFAHIO_00756	658
IBPFAHIO_00757	235
IBPFAHIO_00758	391
IBPFAHIO_00759	101
IBPFAHIO_00760	184
IBPFAHIO_00761	11
IBPFAHIO_00762	118
IBPFAHIO_00763	2207
IBPFAHIO_00764	16
IBPFAHIO_00765	877
IBPFAHIO_00766	1086
IBPFAHIO_00767	664
IBPFAHIO_00768	218
IBPFAHIO_00769	157
IBPFAHIO_00770	132
IBPFAHIO_00771	47
IBPFAHIO_00772	83
IBPFAHIO_00773	20
IBPFAHIO_00774	41
IBPFAHIO_00775	456
IBPFAHIO_00776	4135
IBPFAHIO_00777	3260
IBPFAHIO_00778	44
IBPFAHIO_00779	249
IBPFAHIO_00780	207
IBPFAHIO_00781	369
IBPFAHIO_00782	155
IBPFAHIO_00783	7
IBPFAHIO_00784	336
IBPFAHIO_00801	55106
IBPFAHIO_00802	28911
IBPFAHIO_00803	70844
IBPFAHIO_00804	13364
IBPFAHIO_00805	42268
IBPFAHIO_00806	2425
IBPFAHIO_00807	148483
IBPFAHIO_00808	127673
IBPFAHIO_00809	45315
IBPFAHIO_00810	6294
IBPFAHIO_00811	18038
IBPFAHIO_00812	0
IBPFAHIO_00813	153279
IBPFAHIO_00814	17350
IBPFAHIO_00815	0
IBPFAHIO_00816	50500
IBPFAHIO_00817	6518
IBPFAHIO_00818	25910
IBPFAHIO_00819	5855
IBPFAHIO_00820	3436
IBPFAHIO_00821	22828
IBPFAHIO_00822	6391
IBPFAHIO_00823	0
IBPFAHIO_00824	16363
IBPFAHIO_00825	5196
IBPFAHIO_00826	15206
IBPFAHIO_00827	7897
IBPFAHIO_00828	12455
IBPFAHIO_00829	11109
IBPFAHIO_00830	2346
IBPFAHIO_00831	14292
IBPFAHIO_00832	5610
IBPFAHIO_00833	5513
IBPFAHIO_00834	5404
IBPFAHIO_00835	8617
IBPFAHIO_00836	2471
IBPFAHIO_00837	3685
IBPFAHIO_00838	5893
IBPFAHIO_00839	4736
IBPFAHIO_00840	3862
IBPFAHIO_00841	3073
IBPFAHIO_00842	9821
IBPFAHIO_00843	5319
IBPFAHIO_00844	3064
IBPFAHIO_00845	40082
IBPFAHIO_00846	29629
IBPFAHIO_00847	21750
IBPFAHIO_00848	18608
IBPFAHIO_00849	1546
IBPFAHIO_00850	350503
IBPFAHIO_00851	62451
IBPFAHIO_00852	73445
IBPFAHIO_00853	241139
IBPFAHIO_00854	273
IBPFAHIO_00855	12323
IBPFAHIO_00856	30649
IBPFAHIO_00857	21239
IBPFAHIO_00858	2119
IBPFAHIO_00859	48270
IBPFAHIO_00860	10445
IBPFAHIO_00861	3589
IBPFAHIO_00862	9324
IBPFAHIO_00863	3259
IBPFAHIO_00864	21309
IBPFAHIO_00865	48960
IBPFAHIO_00866	103210
IBPFAHIO_00867	108496
IBPFAHIO_00868	2180
IBPFAHIO_00869	3300
IBPFAHIO_00870	2035
IBPFAHIO_00871	5275
IBPFAHIO_00872	22
IBPFAHIO_00873	0
IBPFAHIO_00874	76
IBPFAHIO_00875	17426
IBPFAHIO_00876	34358
IBPFAHIO_00877	7045
IBPFAHIO_00878	9764
IBPFAHIO_00879	8570
IBPFAHIO_00880	22188
IBPFAHIO_00881	19947
IBPFAHIO_00882	879
IBPFAHIO_00883	1
IBPFAHIO_00884	41643
IBPFAHIO_00885	18648
IBPFAHIO_00886	15976
IBPFAHIO_00887	9405
IBPFAHIO_00888	2280
IBPFAHIO_00889	1900
IBPFAHIO_00890	7432
IBPFAHIO_00891	9650
IBPFAHIO_00892	8089
IBPFAHIO_00893	3301
IBPFAHIO_00894	2240
IBPFAHIO_00895	7857
IBPFAHIO_00896	1582
IBPFAHIO_00897	11528
IBPFAHIO_00898	2
IBPFAHIO_00899	26860
IBPFAHIO_00900	9820
IBPFAHIO_00901	7013
IBPFAHIO_00902	1918
IBPFAHIO_00903	13326
IBPFAHIO_00904	38029
IBPFAHIO_00905	20450
IBPFAHIO_00906	65193
IBPFAHIO_00907	12748
IBPFAHIO_00908	17455
IBPFAHIO_00909	11062
IBPFAHIO_00910	8039
IBPFAHIO_00911	10667
IBPFAHIO_00912	9322
IBPFAHIO_00913	10709
IBPFAHIO_00914	30299
IBPFAHIO_00915	12935
IBPFAHIO_00916	5815
IBPFAHIO_00917	49632
IBPFAHIO_00918	106
IBPFAHIO_00919	4
IBPFAHIO_00920	1
IBPFAHIO_00921	2
IBPFAHIO_00922	1
IBPFAHIO_00923	3
IBPFAHIO_00924	0
IBPFAHIO_00926	178
IBPFAHIO_00927	0
IBPFAHIO_00928	0
IBPFAHIO_00929	0
IBPFAHIO_00930	485
IBPFAHIO_00931	1
IBPFAHIO_00932	1
IBPFAHIO_00933	0
IBPFAHIO_00934	2882
IBPFAHIO_00935	2353
IBPFAHIO_00936	10428
IBPFAHIO_00937	253
IBPFAHIO_00938	1696
IBPFAHIO_00939	2452
IBPFAHIO_00940	1498
IBPFAHIO_00941	2955
IBPFAHIO_00942	1887
IBPFAHIO_00943	2017
IBPFAHIO_00944	1302
IBPFAHIO_00945	5655
IBPFAHIO_00946	1784
IBPFAHIO_00947	4137
IBPFAHIO_00948	1238
IBPFAHIO_00949	5252
IBPFAHIO_00950	678
IBPFAHIO_00951	633
IBPFAHIO_00952	6042
IBPFAHIO_00953	2714
IBPFAHIO_00954	1507
IBPFAHIO_00955	636
IBPFAHIO_00956	2094
IBPFAHIO_00957	3805
IBPFAHIO_00958	101
IBPFAHIO_00959	0
IBPFAHIO_00960	1
IBPFAHIO_00961	2
IBPFAHIO_00962	22
IBPFAHIO_00963	1728
IBPFAHIO_00964	1374
IBPFAHIO_00965	1918
IBPFAHIO_00966	1011
IBPFAHIO_00967	2616
IBPFAHIO_00968	845
IBPFAHIO_00969	2150
IBPFAHIO_00970	1048
IBPFAHIO_00971	1237
IBPFAHIO_00972	31234
IBPFAHIO_00973	15420
IBPFAHIO_00974	11506
IBPFAHIO_00975	351
IBPFAHIO_00976	4193
IBPFAHIO_00977	541
IBPFAHIO_00978	1682
IBPFAHIO_00979	10097
IBPFAHIO_00980	12489
IBPFAHIO_00981	4502
IBPFAHIO_00982	7446
IBPFAHIO_00983	38519
IBPFAHIO_00984	28307
IBPFAHIO_00985	17660
IBPFAHIO_00986	22606
IBPFAHIO_00987	7125
IBPFAHIO_00988	4738
IBPFAHIO_00989	2234
IBPFAHIO_00990	2719
IBPFAHIO_00991	4196
IBPFAHIO_00992	169580
IBPFAHIO_00993	5513
IBPFAHIO_00994	18488
IBPFAHIO_00995	2668
IBPFAHIO_00996	6048
IBPFAHIO_00997	12514
IBPFAHIO_00998	11619
IBPFAHIO_00999	17533
IBPFAHIO_01000	22662
IBPFAHIO_01001	17768
IBPFAHIO_01002	16371
IBPFAHIO_01003	3516
IBPFAHIO_01005	762
IBPFAHIO_01006	52
IBPFAHIO_01007	228
IBPFAHIO_01008	275
IBPFAHIO_01009	396
IBPFAHIO_01010	67696
IBPFAHIO_01011	20865
IBPFAHIO_01012	1732
IBPFAHIO_01013	241
IBPFAHIO_01014	11406
IBPFAHIO_01015	3177
IBPFAHIO_01016	33001
IBPFAHIO_01017	86492
IBPFAHIO_01018	52256
IBPFAHIO_01019	4503
IBPFAHIO_01020	4007
IBPFAHIO_01021	2749
IBPFAHIO_01022	2475
IBPFAHIO_01023	134
IBPFAHIO_01024	1521
IBPFAHIO_01025	817
IBPFAHIO_01026	62951
IBPFAHIO_01027	144829
IBPFAHIO_01028	43992
IBPFAHIO_01029	50228
IBPFAHIO_01030	9396
IBPFAHIO_01031	11983
IBPFAHIO_01032	6939
IBPFAHIO_01033	7275
IBPFAHIO_01034	9395
IBPFAHIO_01035	760
IBPFAHIO_01036	2312
IBPFAHIO_01037	23843
IBPFAHIO_01038	3484
IBPFAHIO_01039	1667
IBPFAHIO_01040	1015
IBPFAHIO_01041	1238
IBPFAHIO_01042	753
IBPFAHIO_01043	1773
IBPFAHIO_01044	1519
IBPFAHIO_01045	3824
IBPFAHIO_01046	14033
IBPFAHIO_01047	5699
IBPFAHIO_01048	2624
IBPFAHIO_01049	1527
IBPFAHIO_01050	2993
IBPFAHIO_01051	11753
IBPFAHIO_01052	13977
IBPFAHIO_01053	10852
IBPFAHIO_01054	6751
IBPFAHIO_01055	2997
IBPFAHIO_01056	18119
IBPFAHIO_01057	4
IBPFAHIO_01058	69622
IBPFAHIO_01059	1971
IBPFAHIO_01060	67855
IBPFAHIO_01061	149026
IBPFAHIO_01062	1089
IBPFAHIO_01063	30462
IBPFAHIO_01064	6513
IBPFAHIO_01065	15615
IBPFAHIO_01066	1969
IBPFAHIO_01067	7042
IBPFAHIO_01068	1863
IBPFAHIO_01069	1654
IBPFAHIO_01070	112403
IBPFAHIO_01071	33509
IBPFAHIO_01072	47831
IBPFAHIO_01073	11959
IBPFAHIO_01074	42008
IBPFAHIO_01075	19993
IBPFAHIO_01076	25724
IBPFAHIO_01077	261756
IBPFAHIO_01078	4475
IBPFAHIO_01079	4803
IBPFAHIO_01080	1490
IBPFAHIO_01081	1108
IBPFAHIO_01082	5260
IBPFAHIO_01083	6647
IBPFAHIO_01084	79943
IBPFAHIO_01085	10439
IBPFAHIO_01086	3001
IBPFAHIO_01087	8578
IBPFAHIO_01088	3812
IBPFAHIO_01089	36
IBPFAHIO_01090	124
IBPFAHIO_01091	56
IBPFAHIO_01092	74
IBPFAHIO_01093	28
IBPFAHIO_01094	167
IBPFAHIO_01095	131
IBPFAHIO_01096	25211
IBPFAHIO_01097	2029
IBPFAHIO_01098	7267
IBPFAHIO_01099	9870
IBPFAHIO_01100	5510
IBPFAHIO_01101	23184
IBPFAHIO_01102	28576
IBPFAHIO_01103	92606
IBPFAHIO_01104	25642
IBPFAHIO_01105	38778
IBPFAHIO_01106	8988
IBPFAHIO_01107	1210
IBPFAHIO_01108	574
IBPFAHIO_01109	110
IBPFAHIO_01110	456
IBPFAHIO_01111	13
IBPFAHIO_01112	135
IBPFAHIO_01113	95
IBPFAHIO_01114	126
IBPFAHIO_01115	81
IBPFAHIO_01116	242
IBPFAHIO_01117	43
IBPFAHIO_01118	55
IBPFAHIO_01119	60
IBPFAHIO_01120	150
IBPFAHIO_01121	364
IBPFAHIO_01122	2171
IBPFAHIO_01123	1030
IBPFAHIO_01124	813
IBPFAHIO_01125	669
IBPFAHIO_01126	482
IBPFAHIO_01127	852
IBPFAHIO_01128	791
IBPFAHIO_01129	25897
IBPFAHIO_01130	21082
IBPFAHIO_01131	3151
IBPFAHIO_01132	1137
IBPFAHIO_01133	838
IBPFAHIO_01134	358
IBPFAHIO_01135	3092
IBPFAHIO_01136	2988
IBPFAHIO_01137	1436
IBPFAHIO_01138	1003
IBPFAHIO_01139	156
IBPFAHIO_01140	525
IBPFAHIO_01141	124
IBPFAHIO_01142	82
IBPFAHIO_01143	7221
IBPFAHIO_01144	3329
IBPFAHIO_01145	1299
IBPFAHIO_01146	14142
IBPFAHIO_01147	664
IBPFAHIO_01148	131
IBPFAHIO_01149	98
IBPFAHIO_01150	6085
IBPFAHIO_01151	2703
IBPFAHIO_01152	1420
IBPFAHIO_01153	795
IBPFAHIO_01154	5722
IBPFAHIO_01155	7205
IBPFAHIO_01156	278
IBPFAHIO_01157	6219
IBPFAHIO_01158	11313
IBPFAHIO_01159	9711
IBPFAHIO_01160	2736
IBPFAHIO_01161	40888
IBPFAHIO_01162	231574
IBPFAHIO_01163	2578
IBPFAHIO_01164	12726
IBPFAHIO_01165	12607
IBPFAHIO_01166	10004
IBPFAHIO_01167	6064
IBPFAHIO_01168	3052
IBPFAHIO_01169	2255
IBPFAHIO_01170	489
IBPFAHIO_01171	2
IBPFAHIO_01172	23702
IBPFAHIO_01199	1
IBPFAHIO_01200	96698
IBPFAHIO_01201	9101
IBPFAHIO_01202	6286
IBPFAHIO_01203	178037
IBPFAHIO_01204	25742
IBPFAHIO_01205	13322
IBPFAHIO_01206	48913
IBPFAHIO_01207	23519
IBPFAHIO_01208	2881
IBPFAHIO_01209	6407
IBPFAHIO_01210	31421
IBPFAHIO_01211	1781
IBPFAHIO_01212	123280
IBPFAHIO_01213	21835
IBPFAHIO_01214	9900
IBPFAHIO_01215	932
IBPFAHIO_01216	21241
IBPFAHIO_01217	1482802
IBPFAHIO_01218	6369
IBPFAHIO_01219	35451
IBPFAHIO_01220	29180
IBPFAHIO_01221	11198
IBPFAHIO_01222	38013
IBPFAHIO_01223	84333
IBPFAHIO_01224	26285
IBPFAHIO_01225	27847
IBPFAHIO_01226	14764
IBPFAHIO_01227	10291
IBPFAHIO_01228	25634
IBPFAHIO_01229	61881
IBPFAHIO_01230	104821
IBPFAHIO_01231	3585
IBPFAHIO_01232	7940
IBPFAHIO_01233	2417
IBPFAHIO_01234	3879
IBPFAHIO_01235	42580
IBPFAHIO_01236	9533
IBPFAHIO_01237	35502
IBPFAHIO_01238	48300
IBPFAHIO_01239	12531
IBPFAHIO_01240	1720
IBPFAHIO_01241	2546
IBPFAHIO_01242	2997
IBPFAHIO_01243	22083
IBPFAHIO_01244	30595
IBPFAHIO_01245	8226
IBPFAHIO_01246	175526
IBPFAHIO_01247	91506
IBPFAHIO_01248	8236
IBPFAHIO_01249	16092
IBPFAHIO_01250	29240
IBPFAHIO_01251	12811
IBPFAHIO_01252	7266
IBPFAHIO_01253	13464
IBPFAHIO_01254	8387
IBPFAHIO_01255	34911
IBPFAHIO_01256	53
IBPFAHIO_01257	7496
IBPFAHIO_01258	11276
IBPFAHIO_01259	5110
IBPFAHIO_01260	11375
IBPFAHIO_01261	5451
IBPFAHIO_01262	73887
IBPFAHIO_01263	24637
IBPFAHIO_01264	28429
IBPFAHIO_01265	10121
IBPFAHIO_01266	8582
IBPFAHIO_01267	22229
IBPFAHIO_01268	8178
IBPFAHIO_01269	5234
IBPFAHIO_01270	31
IBPFAHIO_01271	5
IBPFAHIO_01272	10021
IBPFAHIO_01273	397
IBPFAHIO_01274	2815
IBPFAHIO_01275	836
IBPFAHIO_01276	664
IBPFAHIO_01277	571
IBPFAHIO_01278	32433
IBPFAHIO_01279	11374
IBPFAHIO_01280	391
IBPFAHIO_01281	1307
IBPFAHIO_01282	1109
IBPFAHIO_01283	1483
IBPFAHIO_01284	124
IBPFAHIO_01285	997
IBPFAHIO_01286	2389
IBPFAHIO_01287	7544
IBPFAHIO_01288	1502
IBPFAHIO_01289	742
IBPFAHIO_01290	20
IBPFAHIO_01291	809
IBPFAHIO_01292	749
IBPFAHIO_01293	5744
IBPFAHIO_01294	3890
IBPFAHIO_01295	2311
IBPFAHIO_01296	6096
IBPFAHIO_01297	282
IBPFAHIO_01298	13562
IBPFAHIO_01299	6061
IBPFAHIO_01300	2831
IBPFAHIO_01301	1344
IBPFAHIO_01302	5066
IBPFAHIO_01303	5
IBPFAHIO_01304	484
IBPFAHIO_01305	66
IBPFAHIO_01306	71
IBPFAHIO_01307	62
IBPFAHIO_01308	641
IBPFAHIO_01309	28
IBPFAHIO_01310	286
IBPFAHIO_01311	17269
IBPFAHIO_01312	2594
IBPFAHIO_01313	44
IBPFAHIO_01314	83
IBPFAHIO_01315	44
IBPFAHIO_01316	69
IBPFAHIO_01317	11
IBPFAHIO_01318	0
IBPFAHIO_01319	59
IBPFAHIO_01320	82
IBPFAHIO_01321	169
IBPFAHIO_01322	78
IBPFAHIO_01323	274
IBPFAHIO_01324	2039
IBPFAHIO_01325	1444
IBPFAHIO_01326	269
IBPFAHIO_01327	311
IBPFAHIO_01328	244
IBPFAHIO_01329	6756
IBPFAHIO_01330	356
IBPFAHIO_01331	639
IBPFAHIO_01332	102
IBPFAHIO_01333	155
IBPFAHIO_01334	207
IBPFAHIO_01335	40
IBPFAHIO_01336	263
IBPFAHIO_01337	1855
IBPFAHIO_01338	54
IBPFAHIO_01339	503
IBPFAHIO_01340	6206
IBPFAHIO_01341	4118
IBPFAHIO_01342	356
IBPFAHIO_01343	1768
IBPFAHIO_01344	203
IBPFAHIO_01345	684
IBPFAHIO_01346	2010
IBPFAHIO_01347	1105
IBPFAHIO_01348	379
IBPFAHIO_01349	172
IBPFAHIO_01350	182
IBPFAHIO_01351	103
IBPFAHIO_01352	1347
IBPFAHIO_01353	106
IBPFAHIO_01354	444
IBPFAHIO_01355	4848
IBPFAHIO_01356	3043
IBPFAHIO_01357	749
IBPFAHIO_01358	43
IBPFAHIO_01359	3315
IBPFAHIO_01360	2210
IBPFAHIO_01361	35779
IBPFAHIO_01362	20296
IBPFAHIO_01363	103512
IBPFAHIO_01364	5579
IBPFAHIO_01365	384
IBPFAHIO_01366	8864
IBPFAHIO_01367	145
IBPFAHIO_01368	238
IBPFAHIO_01369	260
IBPFAHIO_01370	69
IBPFAHIO_01371	23
IBPFAHIO_01372	26
IBPFAHIO_01373	48
IBPFAHIO_01374	79
IBPFAHIO_01375	59
IBPFAHIO_01376	76
IBPFAHIO_01377	7697
IBPFAHIO_01378	175081
IBPFAHIO_01379	185057
IBPFAHIO_01380	2249
IBPFAHIO_01381	970
IBPFAHIO_01382	2241
IBPFAHIO_01383	14489
IBPFAHIO_01384	15469
IBPFAHIO_01385	15864
IBPFAHIO_01386	7213
IBPFAHIO_01387	2546
IBPFAHIO_01388	2279
IBPFAHIO_01389	18685
IBPFAHIO_01390	43410
IBPFAHIO_01391	6896
IBPFAHIO_01392	397
IBPFAHIO_01393	23324
IBPFAHIO_01394	14040
IBPFAHIO_01395	6305
IBPFAHIO_01396	102328
IBPFAHIO_01397	6888
IBPFAHIO_01407	12889
IBPFAHIO_01408	11335
IBPFAHIO_01409	14490
IBPFAHIO_01410	187761
IBPFAHIO_01411	21564
IBPFAHIO_01412	37679
IBPFAHIO_01413	4275
IBPFAHIO_01414	13569
IBPFAHIO_01415	8265
IBPFAHIO_01416	4051
IBPFAHIO_01417	18539
IBPFAHIO_01418	2217
IBPFAHIO_01419	5373
IBPFAHIO_01420	131
IBPFAHIO_01421	26113
IBPFAHIO_01422	12973
IBPFAHIO_01423	2971
IBPFAHIO_01424	1549
IBPFAHIO_01425	43945
IBPFAHIO_01426	24839
IBPFAHIO_01427	5894
IBPFAHIO_01428	24916
IBPFAHIO_01429	58542
IBPFAHIO_01430	131647
IBPFAHIO_01431	26052
IBPFAHIO_01432	126198
IBPFAHIO_01433	23929
IBPFAHIO_01434	14
IBPFAHIO_01435	27512
IBPFAHIO_01436	13130
IBPFAHIO_01437	12273
IBPFAHIO_01438	195846
IBPFAHIO_01439	15941
IBPFAHIO_01440	14321
IBPFAHIO_01441	17893
IBPFAHIO_01442	18557
IBPFAHIO_01443	5068
IBPFAHIO_01444	2552
IBPFAHIO_01445	925
IBPFAHIO_01446	23
IBPFAHIO_01447	684
IBPFAHIO_01448	2627
IBPFAHIO_01449	2542
IBPFAHIO_01450	314
IBPFAHIO_01451	473
IBPFAHIO_01452	54
IBPFAHIO_01453	504
IBPFAHIO_01454	3954
IBPFAHIO_01455	2628
IBPFAHIO_01456	128
IBPFAHIO_01457	72
IBPFAHIO_01458	176
IBPFAHIO_01459	501
IBPFAHIO_01460	145893
IBPFAHIO_01461	19517
IBPFAHIO_01462	6487
IBPFAHIO_01463	4039
IBPFAHIO_01464	13670
IBPFAHIO_01465	22534
IBPFAHIO_01466	10386
IBPFAHIO_01467	353827
IBPFAHIO_01468	109087
IBPFAHIO_01469	58391
IBPFAHIO_01470	39928
IBPFAHIO_01471	41513
IBPFAHIO_01472	44518
IBPFAHIO_01473	50686
IBPFAHIO_01474	122376
IBPFAHIO_01475	20912
IBPFAHIO_01476	9356
IBPFAHIO_01477	66179
IBPFAHIO_01478	82912
IBPFAHIO_01479	247277
IBPFAHIO_01480	683458
IBPFAHIO_01481	12990
IBPFAHIO_01482	75924
IBPFAHIO_01483	44344
IBPFAHIO_01484	29440
IBPFAHIO_01485	68224
IBPFAHIO_01486	28638
IBPFAHIO_01487	32636
IBPFAHIO_01488	91717
IBPFAHIO_01489	45823
IBPFAHIO_01490	19515
IBPFAHIO_01491	58405
IBPFAHIO_01492	34985
IBPFAHIO_01493	66927
IBPFAHIO_01494	37474
IBPFAHIO_01495	26736
IBPFAHIO_01496	39910
IBPFAHIO_01497	50559
IBPFAHIO_01498	42766
IBPFAHIO_01499	64616
IBPFAHIO_01500	14854
IBPFAHIO_01501	45047
IBPFAHIO_01502	128872
IBPFAHIO_01503	35760
IBPFAHIO_01504	22142
IBPFAHIO_01505	33385
IBPFAHIO_01506	37230
IBPFAHIO_01507	33265
IBPFAHIO_01508	94859
IBPFAHIO_01509	113854
IBPFAHIO_01510	17876
IBPFAHIO_01511	22229
IBPFAHIO_01512	11115
IBPFAHIO_01513	3399
IBPFAHIO_01514	4591
IBPFAHIO_01515	1088
IBPFAHIO_01516	592
IBPFAHIO_01517	209
IBPFAHIO_01518	4318
IBPFAHIO_01519	8743
IBPFAHIO_01520	123
IBPFAHIO_01521	110
IBPFAHIO_01522	28444
IBPFAHIO_01523	25446
IBPFAHIO_01524	15385
IBPFAHIO_01525	215709
IBPFAHIO_01526	36983
IBPFAHIO_01527	42045
IBPFAHIO_01528	20311
IBPFAHIO_01529	235
IBPFAHIO_01530	39045
IBPFAHIO_01531	41130
IBPFAHIO_01532	21434
IBPFAHIO_01533	19670
IBPFAHIO_01534	298597
IBPFAHIO_01535	11050
IBPFAHIO_01536	92780
IBPFAHIO_01537	9763
IBPFAHIO_01538	20772
IBPFAHIO_01539	34004
IBPFAHIO_01540	11801
IBPFAHIO_01541	29067
IBPFAHIO_01542	57848
IBPFAHIO_01543	36010
IBPFAHIO_01544	114322
IBPFAHIO_01545	42
IBPFAHIO_01546	256
IBPFAHIO_01547	123
IBPFAHIO_01548	18
IBPFAHIO_01549	29684
IBPFAHIO_01550	22975
IBPFAHIO_01551	34
IBPFAHIO_01552	95
IBPFAHIO_01553	307
IBPFAHIO_01554	9
IBPFAHIO_01555	18065
IBPFAHIO_01556	1304
IBPFAHIO_01557	1634
IBPFAHIO_01558	7214
IBPFAHIO_01559	825
IBPFAHIO_01560	8322
IBPFAHIO_01561	15559
IBPFAHIO_01562	172830
IBPFAHIO_01563	51724
IBPFAHIO_01564	1774
IBPFAHIO_01565	3501
IBPFAHIO_01566	6932
IBPFAHIO_01567	3517
IBPFAHIO_01568	2063
IBPFAHIO_01569	23412
IBPFAHIO_01570	24024
IBPFAHIO_01571	7766
IBPFAHIO_01572	2386
IBPFAHIO_01573	4133
IBPFAHIO_01574	17239
IBPFAHIO_01575	12294
IBPFAHIO_01576	24254
IBPFAHIO_01577	9083
IBPFAHIO_01578	24669
IBPFAHIO_01579	80584
IBPFAHIO_01580	445
IBPFAHIO_01581	77667
IBPFAHIO_01582	10723
IBPFAHIO_01583	11944
IBPFAHIO_01584	35195
IBPFAHIO_01585	52429
IBPFAHIO_01586	15209
IBPFAHIO_01587	4222
IBPFAHIO_01588	3486
IBPFAHIO_01589	10769
IBPFAHIO_01590	13520
IBPFAHIO_01591	2823
IBPFAHIO_01592	64539
IBPFAHIO_01593	143271
IBPFAHIO_01594	513
IBPFAHIO_01595	44081
IBPFAHIO_01596	5617
IBPFAHIO_01597	32278
IBPFAHIO_01598	16173
IBPFAHIO_01599	55966
IBPFAHIO_01600	13590
IBPFAHIO_01601	5939
IBPFAHIO_01602	10824
IBPFAHIO_01603	13
IBPFAHIO_01604	8
IBPFAHIO_01605	18
IBPFAHIO_01606	1535
IBPFAHIO_01607	3006
IBPFAHIO_01608	3992
IBPFAHIO_01609	1511
IBPFAHIO_01610	9372
IBPFAHIO_01611	637
IBPFAHIO_01612	17035
IBPFAHIO_01613	12187
IBPFAHIO_01614	40542
IBPFAHIO_01615	3290
IBPFAHIO_01616	22395
IBPFAHIO_01617	5548
IBPFAHIO_01618	2796
IBPFAHIO_01619	19736
IBPFAHIO_01620	38039
IBPFAHIO_01621	9297
IBPFAHIO_01622	4474
IBPFAHIO_01623	8382
IBPFAHIO_01624	118
IBPFAHIO_01625	151
IBPFAHIO_01626	1156
IBPFAHIO_01627	4581
IBPFAHIO_01628	1787
IBPFAHIO_01629	8769
IBPFAHIO_01630	36888
IBPFAHIO_01631	1428
IBPFAHIO_01632	23504
IBPFAHIO_01633	86962
IBPFAHIO_01634	2512
IBPFAHIO_01635	56442
IBPFAHIO_01636	8
IBPFAHIO_01637	589331
IBPFAHIO_01638	1131
IBPFAHIO_01639	5279
IBPFAHIO_01640	582
IBPFAHIO_01641	163
IBPFAHIO_01642	159
IBPFAHIO_01643	114
IBPFAHIO_01644	231
IBPFAHIO_01645	1717
IBPFAHIO_01646	8585
IBPFAHIO_01647	6460
IBPFAHIO_01648	3154
IBPFAHIO_01649	86
IBPFAHIO_01650	2363
IBPFAHIO_01651	15537
IBPFAHIO_01652	7633
IBPFAHIO_01653	2710
IBPFAHIO_01654	2632
IBPFAHIO_01655	3434
IBPFAHIO_01656	4452
IBPFAHIO_01657	2364
IBPFAHIO_01658	110724
IBPFAHIO_01659	18677
IBPFAHIO_01660	26250
IBPFAHIO_01661	333
IBPFAHIO_01662	547
IBPFAHIO_01663	48
IBPFAHIO_01664	3037
IBPFAHIO_01665	6639
IBPFAHIO_01666	5282
IBPFAHIO_01667	7447
IBPFAHIO_01668	140222
IBPFAHIO_01669	166
IBPFAHIO_01670	364
IBPFAHIO_01671	13383
IBPFAHIO_01672	2201
IBPFAHIO_01673	42677
IBPFAHIO_01674	18550
IBPFAHIO_01675	48271
IBPFAHIO_01676	16846
IBPFAHIO_01677	40296
IBPFAHIO_01678	1301
IBPFAHIO_01679	85
IBPFAHIO_01680	21
IBPFAHIO_01681	5674
IBPFAHIO_01682	1104
IBPFAHIO_01683	10565
IBPFAHIO_01684	1363
IBPFAHIO_01685	706
IBPFAHIO_01686	1
IBPFAHIO_01687	578
IBPFAHIO_01688	36
IBPFAHIO_01689	3
IBPFAHIO_01690	11
IBPFAHIO_01691	44
IBPFAHIO_01692	2
IBPFAHIO_01693	101
IBPFAHIO_01694	870
IBPFAHIO_01695	6714
IBPFAHIO_01696	13810
IBPFAHIO_01697	384
IBPFAHIO_01698	119
IBPFAHIO_01699	140
IBPFAHIO_01700	570
IBPFAHIO_01701	1452
IBPFAHIO_01702	12684
IBPFAHIO_01703	11239
IBPFAHIO_01704	1247
IBPFAHIO_01705	1624
IBPFAHIO_01706	25973
IBPFAHIO_01707	449
IBPFAHIO_01708	310
IBPFAHIO_01709	150
IBPFAHIO_01710	535
IBPFAHIO_01711	745
IBPFAHIO_01712	863
IBPFAHIO_01713	43
IBPFAHIO_01714	442
IBPFAHIO_01715	3218
IBPFAHIO_01716	2101
IBPFAHIO_01717	12124
IBPFAHIO_01718	3014
IBPFAHIO_01719	331
IBPFAHIO_01720	59
IBPFAHIO_01721	51
IBPFAHIO_01722	0
IBPFAHIO_01723	765
IBPFAHIO_01724	628
IBPFAHIO_01725	2965
IBPFAHIO_01726	714
IBPFAHIO_01727	786
IBPFAHIO_01728	3532
IBPFAHIO_01729	3610
IBPFAHIO_01730	1051
IBPFAHIO_01731	1128
IBPFAHIO_01732	8149
IBPFAHIO_01733	12476
IBPFAHIO_01734	8963
IBPFAHIO_01735	6857
IBPFAHIO_01736	2016
IBPFAHIO_01737	549
IBPFAHIO_01738	76
IBPFAHIO_01739	6740
IBPFAHIO_01740	4252
IBPFAHIO_01741	359
IBPFAHIO_01742	864
IBPFAHIO_01743	443
IBPFAHIO_01744	2770
IBPFAHIO_01745	14206
IBPFAHIO_01746	6096
IBPFAHIO_01747	2225
IBPFAHIO_01748	11007
IBPFAHIO_01749	11330
IBPFAHIO_01750	11183
IBPFAHIO_01751	3579
IBPFAHIO_01752	7583
IBPFAHIO_01753	3990
IBPFAHIO_01754	430
IBPFAHIO_01755	3005
IBPFAHIO_01756	4082
IBPFAHIO_01757	232
IBPFAHIO_01758	2
IBPFAHIO_01759	18
IBPFAHIO_01760	962
IBPFAHIO_01761	4945
IBPFAHIO_01762	36106
IBPFAHIO_01763	2049
IBPFAHIO_01764	1047
IBPFAHIO_01765	243
IBPFAHIO_01766	194
IBPFAHIO_01767	4414
IBPFAHIO_01768	1265
IBPFAHIO_01769	333
IBPFAHIO_01770	1583
IBPFAHIO_01771	4811
IBPFAHIO_01772	461
IBPFAHIO_01773	23227
IBPFAHIO_01774	917
IBPFAHIO_01775	3173
IBPFAHIO_01776	494
IBPFAHIO_01777	334
IBPFAHIO_01778	7413
IBPFAHIO_01779	1583
IBPFAHIO_01780	544
IBPFAHIO_01781	1553
IBPFAHIO_01782	468
IBPFAHIO_01783	388
IBPFAHIO_01784	795
IBPFAHIO_01785	1305
IBPFAHIO_01786	893
IBPFAHIO_01787	17752
IBPFAHIO_01788	2201
IBPFAHIO_01789	10483
IBPFAHIO_01790	1026
IBPFAHIO_01791	114
IBPFAHIO_01792	2269
IBPFAHIO_01793	3110
IBPFAHIO_01794	7579
IBPFAHIO_01795	4854
IBPFAHIO_01796	11927
IBPFAHIO_01797	969
IBPFAHIO_01798	3248
IBPFAHIO_01799	13453
IBPFAHIO_01800	1692
IBPFAHIO_01801	96058
IBPFAHIO_01802	1085
IBPFAHIO_01803	3615
IBPFAHIO_01804	19436
IBPFAHIO_01805	4413
IBPFAHIO_01806	1577
IBPFAHIO_01807	571
IBPFAHIO_01808	4523
IBPFAHIO_01809	4022
IBPFAHIO_01810	3769
IBPFAHIO_01811	535
IBPFAHIO_01812	1603
IBPFAHIO_01813	3574
IBPFAHIO_01814	2053
IBPFAHIO_01815	17668
IBPFAHIO_01816	1479
IBPFAHIO_01817	5218
IBPFAHIO_01818	4342
IBPFAHIO_01819	16735
IBPFAHIO_01820	16695
IBPFAHIO_01821	9630
IBPFAHIO_01822	10943
IBPFAHIO_01823	25884
IBPFAHIO_01824	13872
IBPFAHIO_01825	12116
IBPFAHIO_01826	26257
IBPFAHIO_01827	39989
IBPFAHIO_01828	33936
IBPFAHIO_01829	24624
IBPFAHIO_01830	15570
IBPFAHIO_01831	16291
IBPFAHIO_01832	26426
IBPFAHIO_01833	41878
IBPFAHIO_01834	22889
IBPFAHIO_01835	33881
IBPFAHIO_01836	29940
IBPFAHIO_01837	0
IBPFAHIO_01838	12
IBPFAHIO_01839	3530
IBPFAHIO_01840	2232
IBPFAHIO_01841	8943
IBPFAHIO_01842	1185
IBPFAHIO_01843	716
IBPFAHIO_01844	197
IBPFAHIO_01845	1507
IBPFAHIO_01846	2366
IBPFAHIO_01847	660
IBPFAHIO_01848	21911
IBPFAHIO_01849	19014
IBPFAHIO_01850	3886
IBPFAHIO_01851	4224
IBPFAHIO_01852	13804
IBPFAHIO_01853	14097
IBPFAHIO_01854	36351
IBPFAHIO_01855	26431
IBPFAHIO_01856	5831
IBPFAHIO_01857	2021
IBPFAHIO_01858	423
IBPFAHIO_01859	5113
IBPFAHIO_01860	17015
IBPFAHIO_01861	22000
IBPFAHIO_01862	1678
IBPFAHIO_01863	58178
IBPFAHIO_01864	21732
IBPFAHIO_01865	16763
IBPFAHIO_01866	2674
IBPFAHIO_01867	2056
IBPFAHIO_01868	1932
IBPFAHIO_01869	97
IBPFAHIO_01870	2153
IBPFAHIO_01871	1982
IBPFAHIO_01872	114
IBPFAHIO_01873	222
IBPFAHIO_01874	6672
IBPFAHIO_01875	4164
IBPFAHIO_01876	1357
IBPFAHIO_01877	671
IBPFAHIO_01878	659
IBPFAHIO_01879	703
IBPFAHIO_01880	64
IBPFAHIO_01881	393
IBPFAHIO_01882	60
IBPFAHIO_01883	16
IBPFAHIO_01884	134
IBPFAHIO_01885	12
IBPFAHIO_01886	12464
IBPFAHIO_01887	11831
IBPFAHIO_01888	11388
IBPFAHIO_01889	7651
IBPFAHIO_01890	46786
IBPFAHIO_01891	20233
IBPFAHIO_01892	4590
IBPFAHIO_01893	2040
IBPFAHIO_01894	9234
IBPFAHIO_01895	7697
IBPFAHIO_01896	523
IBPFAHIO_01897	37302
IBPFAHIO_01898	15728
IBPFAHIO_01899	48545
IBPFAHIO_01900	6072
IBPFAHIO_01901	6043
IBPFAHIO_01902	2941
IBPFAHIO_01903	4561
IBPFAHIO_01904	37719
IBPFAHIO_01905	16266
IBPFAHIO_01906	20627
IBPFAHIO_01907	3832
IBPFAHIO_01908	4896
IBPFAHIO_01909	7121
IBPFAHIO_01910	44368
IBPFAHIO_01911	3475
IBPFAHIO_01912	10132
IBPFAHIO_01913	1107
IBPFAHIO_01914	370
IBPFAHIO_01915	8414
IBPFAHIO_01916	24974
IBPFAHIO_01917	4302
IBPFAHIO_01918	8277
IBPFAHIO_01919	2305
IBPFAHIO_01920	4253
IBPFAHIO_01921	15501
IBPFAHIO_01922	10482
IBPFAHIO_01923	43247
IBPFAHIO_01924	23675
IBPFAHIO_01925	14750
IBPFAHIO_01926	60770
IBPFAHIO_01927	10455
IBPFAHIO_01928	2205
IBPFAHIO_01929	413
IBPFAHIO_01930	1972
IBPFAHIO_01931	1763
IBPFAHIO_01932	17
IBPFAHIO_01933	146
IBPFAHIO_01934	40
IBPFAHIO_01935	75
IBPFAHIO_01936	7562
IBPFAHIO_01937	10128
IBPFAHIO_01938	8733
IBPFAHIO_01939	38725
IBPFAHIO_01940	4
IBPFAHIO_01941	1355
IBPFAHIO_01942	349
IBPFAHIO_01943	192
IBPFAHIO_01944	724
IBPFAHIO_01945	12748
IBPFAHIO_01946	1521
IBPFAHIO_01947	13002
IBPFAHIO_01948	739
IBPFAHIO_01949	205
IBPFAHIO_01950	220
IBPFAHIO_01951	871
IBPFAHIO_01952	2560
IBPFAHIO_01953	772
IBPFAHIO_01954	136
IBPFAHIO_01955	5905
IBPFAHIO_01956	17752
IBPFAHIO_01957	20849
IBPFAHIO_01958	33
IBPFAHIO_01959	1774
IBPFAHIO_01960	1832
IBPFAHIO_01961	5285
IBPFAHIO_01962	6651
IBPFAHIO_01963	2069
IBPFAHIO_01964	705
IBPFAHIO_01965	1745
IBPFAHIO_01966	2781
IBPFAHIO_01967	3757
IBPFAHIO_01968	8302
IBPFAHIO_01969	1520
IBPFAHIO_01970	1902
IBPFAHIO_01971	1764
IBPFAHIO_01972	6855
IBPFAHIO_01973	713
IBPFAHIO_01974	29343
IBPFAHIO_01975	4224
IBPFAHIO_01976	9461
IBPFAHIO_01977	5306
IBPFAHIO_01978	286
IBPFAHIO_01979	151
IBPFAHIO_01980	423
IBPFAHIO_01981	601
IBPFAHIO_01982	11704
IBPFAHIO_01983	18533
IBPFAHIO_01984	15802
IBPFAHIO_01985	12629
IBPFAHIO_01986	24497
IBPFAHIO_01987	5226
IBPFAHIO_01988	15792
IBPFAHIO_01989	8023
IBPFAHIO_01990	539
IBPFAHIO_01991	1219
IBPFAHIO_01992	3589
IBPFAHIO_01993	4004
IBPFAHIO_01994	23509
IBPFAHIO_01995	6566
IBPFAHIO_01996	9554
IBPFAHIO_01997	327
IBPFAHIO_01998	9570
IBPFAHIO_01999	16781
IBPFAHIO_02000	10686
IBPFAHIO_02001	2022
IBPFAHIO_02002	3434
IBPFAHIO_02003	1123
IBPFAHIO_02004	3491
IBPFAHIO_02005	7112
IBPFAHIO_02006	23937
IBPFAHIO_02007	4414
IBPFAHIO_02008	17963
IBPFAHIO_02009	2932
IBPFAHIO_02010	11878
IBPFAHIO_02011	2571
IBPFAHIO_02012	5934
IBPFAHIO_02013	7035
IBPFAHIO_02014	7702
IBPFAHIO_02015	6963
IBPFAHIO_02016	13794
IBPFAHIO_02017	341
IBPFAHIO_02018	704
IBPFAHIO_02019	11252
IBPFAHIO_02020	2294
IBPFAHIO_02021	4900
IBPFAHIO_02022	20109
IBPFAHIO_02023	9197
IBPFAHIO_02024	3607
IBPFAHIO_02025	5337
IBPFAHIO_02026	8985
IBPFAHIO_02027	6927
IBPFAHIO_02028	707
IBPFAHIO_02029	4493
IBPFAHIO_02030	2993
IBPFAHIO_02031	4072
IBPFAHIO_02032	9390
IBPFAHIO_02033	20876
IBPFAHIO_02034	28617
IBPFAHIO_02035	10301
IBPFAHIO_02036	11364
IBPFAHIO_02037	2014
IBPFAHIO_02038	788
IBPFAHIO_02039	427
IBPFAHIO_02040	413
IBPFAHIO_02041	1682
IBPFAHIO_02042	82
IBPFAHIO_02043	386
IBPFAHIO_02044	171
IBPFAHIO_02045	2224
IBPFAHIO_02046	5550
IBPFAHIO_02047	11
IBPFAHIO_02048	54416
IBPFAHIO_02049	264235
IBPFAHIO_02050	1396
IBPFAHIO_02051	8066
IBPFAHIO_02052	236816
IBPFAHIO_02053	25333
IBPFAHIO_02054	13338
IBPFAHIO_02055	34783
IBPFAHIO_02056	93
IBPFAHIO_02057	212
IBPFAHIO_02058	439
IBPFAHIO_02059	909
IBPFAHIO_02060	15793
IBPFAHIO_02061	602
IBPFAHIO_02062	20
IBPFAHIO_02063	1787
IBPFAHIO_02064	42804
IBPFAHIO_02065	38566
IBPFAHIO_02066	55356
IBPFAHIO_02067	27998
IBPFAHIO_02068	6432
IBPFAHIO_02069	19699
IBPFAHIO_02070	27063
IBPFAHIO_02071	12837
IBPFAHIO_02072	11398
IBPFAHIO_02073	36395
IBPFAHIO_02074	9220
IBPFAHIO_02075	3584
IBPFAHIO_02076	12325
IBPFAHIO_02077	3710
IBPFAHIO_02078	36885
IBPFAHIO_02079	6981
IBPFAHIO_02080	33243
IBPFAHIO_02081	3032
IBPFAHIO_02082	6206
IBPFAHIO_02083	2366
IBPFAHIO_02084	5901
IBPFAHIO_02085	3225
IBPFAHIO_02086	29336
IBPFAHIO_02087	22797
IBPFAHIO_02088	17679
IBPFAHIO_02089	35203
IBPFAHIO_02090	3186
IBPFAHIO_02091	404
IBPFAHIO_02092	5685
IBPFAHIO_02094	319
IBPFAHIO_02095	3469
IBPFAHIO_02096	2987
IBPFAHIO_02097	66443
IBPFAHIO_02098	30602
IBPFAHIO_02099	105804
IBPFAHIO_02100	69370
IBPFAHIO_02101	72582
IBPFAHIO_02102	206105
IBPFAHIO_02103	58172
IBPFAHIO_02104	44282
IBPFAHIO_02105	4094
IBPFAHIO_02106	3529
IBPFAHIO_02107	60959
IBPFAHIO_02108	106494
IBPFAHIO_02109	33515
IBPFAHIO_02110	18202
IBPFAHIO_02111	26942
IBPFAHIO_02112	4501
IBPFAHIO_02113	14491
IBPFAHIO_02114	18029
IBPFAHIO_02115	11161
IBPFAHIO_02116	66149
IBPFAHIO_02117	715
IBPFAHIO_02118	5976
IBPFAHIO_02119	510
IBPFAHIO_02120	25111
IBPFAHIO_02121	56086
IBPFAHIO_02122	11461
IBPFAHIO_02123	40735
IBPFAHIO_02124	15818
IBPFAHIO_02125	10738
IBPFAHIO_02126	13018
IBPFAHIO_02127	33155
IBPFAHIO_02128	96927
IBPFAHIO_02129	96112
IBPFAHIO_02130	44015
IBPFAHIO_02131	72035
IBPFAHIO_02132	109762
IBPFAHIO_02133	109303
IBPFAHIO_02134	16050
IBPFAHIO_02135	19305
IBPFAHIO_02136	3567
IBPFAHIO_02137	1946
IBPFAHIO_02138	8537
IBPFAHIO_02139	13285
IBPFAHIO_02140	17119
IBPFAHIO_02141	21983
IBPFAHIO_02142	21134
IBPFAHIO_02143	33663
IBPFAHIO_02144	42734
IBPFAHIO_02145	1518
IBPFAHIO_02146	432
IBPFAHIO_02147	394
IBPFAHIO_02148	3056
IBPFAHIO_02149	9427
IBPFAHIO_02151	5412
IBPFAHIO_02152	1426
IBPFAHIO_02153	4340
IBPFAHIO_02154	4012
IBPFAHIO_02155	1426
IBPFAHIO_02156	2707
IBPFAHIO_02157	6241
IBPFAHIO_02158	13282
IBPFAHIO_02159	1714
IBPFAHIO_02160	2642
IBPFAHIO_02161	987
IBPFAHIO_02162	6972
IBPFAHIO_02163	6527
IBPFAHIO_02164	2128
IBPFAHIO_02165	85
IBPFAHIO_02166	3393
IBPFAHIO_02167	1221
IBPFAHIO_02168	364
IBPFAHIO_02169	426
IBPFAHIO_02170	1510
IBPFAHIO_02171	1001
IBPFAHIO_02172	1195
IBPFAHIO_02173	749
IBPFAHIO_02174	0
IBPFAHIO_02175	4
IBPFAHIO_02176	5
IBPFAHIO_02177	0
IBPFAHIO_02178	0
IBPFAHIO_02179	0
IBPFAHIO_02180	47
IBPFAHIO_02181	444
IBPFAHIO_02182	496
IBPFAHIO_02183	495
IBPFAHIO_02184	486
IBPFAHIO_02185	2958
IBPFAHIO_02186	1877
IBPFAHIO_02187	1196
IBPFAHIO_02188	2663
IBPFAHIO_02189	2306
IBPFAHIO_02190	839
IBPFAHIO_02191	336
IBPFAHIO_02192	210
IBPFAHIO_02193	936
IBPFAHIO_02194	2064
IBPFAHIO_02195	389
IBPFAHIO_02196	6629
IBPFAHIO_02197	7
IBPFAHIO_02198	455
IBPFAHIO_02199	1598
IBPFAHIO_02200	2583
IBPFAHIO_02201	1261
IBPFAHIO_02202	1
IBPFAHIO_02203	0
IBPFAHIO_02204	0
IBPFAHIO_02205	0
IBPFAHIO_02206	0
IBPFAHIO_02208	0
IBPFAHIO_02209	0
IBPFAHIO_02210	0
IBPFAHIO_02211	0
IBPFAHIO_02212	0
IBPFAHIO_02213	1
IBPFAHIO_02214	236
IBPFAHIO_02215	486
IBPFAHIO_02216	1
IBPFAHIO_02217	277
IBPFAHIO_02218	3230
IBPFAHIO_02219	2979
IBPFAHIO_02220	2742
IBPFAHIO_02221	23588
IBPFAHIO_02222	34014
IBPFAHIO_02223	2399
IBPFAHIO_02224	251
IBPFAHIO_02225	180
IBPFAHIO_02226	267
IBPFAHIO_02227	227
IBPFAHIO_02228	111
IBPFAHIO_02229	1326
IBPFAHIO_02230	1052
IBPFAHIO_02231	4773
IBPFAHIO_02232	1305
IBPFAHIO_02233	127
IBPFAHIO_02234	19
IBPFAHIO_02235	229
IBPFAHIO_02236	1728
IBPFAHIO_02237	7549
IBPFAHIO_02238	5182
IBPFAHIO_02239	911
IBPFAHIO_02240	7116
IBPFAHIO_02241	8091
IBPFAHIO_02242	19607
IBPFAHIO_02243	8312
IBPFAHIO_02244	1012
IBPFAHIO_02245	868
IBPFAHIO_02246	2716
IBPFAHIO_02247	303
IBPFAHIO_02248	5265
IBPFAHIO_02249	27663
IBPFAHIO_02250	3770
IBPFAHIO_02251	25141
IBPFAHIO_02252	718
IBPFAHIO_02253	1971
IBPFAHIO_02254	1198
IBPFAHIO_02255	634
IBPFAHIO_02256	85
IBPFAHIO_02257	77
IBPFAHIO_02258	197
IBPFAHIO_02259	21
IBPFAHIO_02260	91
IBPFAHIO_02261	8159
IBPFAHIO_02262	8373
IBPFAHIO_02263	4711
IBPFAHIO_02264	3638
IBPFAHIO_02265	20092
IBPFAHIO_02266	19712
IBPFAHIO_02267	3824
IBPFAHIO_02268	809
IBPFAHIO_02269	12169
IBPFAHIO_02270	420
IBPFAHIO_02271	442
IBPFAHIO_02272	4480
IBPFAHIO_02273	17390
IBPFAHIO_02274	2361
IBPFAHIO_02275	4038
IBPFAHIO_02276	1634
IBPFAHIO_02277	51441
IBPFAHIO_02278	41349
IBPFAHIO_02279	31686
IBPFAHIO_02280	9384
IBPFAHIO_02282	12309
IBPFAHIO_02283	245
IBPFAHIO_02284	2697
IBPFAHIO_02285	15751
IBPFAHIO_02286	2569
IBPFAHIO_02287	797
IBPFAHIO_02288	806
IBPFAHIO_02289	2558
IBPFAHIO_02290	12282
IBPFAHIO_02291	29357
IBPFAHIO_02292	8362
IBPFAHIO_02293	26029
IBPFAHIO_02294	2429
IBPFAHIO_02295	839389
IBPFAHIO_02296	50214
IBPFAHIO_02297	79872
IBPFAHIO_02298	71436
IBPFAHIO_02299	145616
IBPFAHIO_02300	125604
IBPFAHIO_02301	180074
IBPFAHIO_02302	28114
IBPFAHIO_02303	2411
IBPFAHIO_02304	71227
IBPFAHIO_02305	3681
IBPFAHIO_02306	8153
IBPFAHIO_02307	4273
IBPFAHIO_02308	4545
IBPFAHIO_02309	8934
IBPFAHIO_02310	110510
IBPFAHIO_02311	13166
IBPFAHIO_02312	4008
IBPFAHIO_02313	729206
IBPFAHIO_02314	12159
IBPFAHIO_02315	11086
IBPFAHIO_02316	212
IBPFAHIO_02317	647
IBPFAHIO_02318	198
IBPFAHIO_02319	234
IBPFAHIO_02320	106
IBPFAHIO_02321	66
IBPFAHIO_02322	106
IBPFAHIO_02323	212
IBPFAHIO_02324	13521
IBPFAHIO_02325	88
IBPFAHIO_02326	16976
IBPFAHIO_02327	2932
IBPFAHIO_02328	48
IBPFAHIO_02329	40090
IBPFAHIO_02330	23987
IBPFAHIO_02331	97848
IBPFAHIO_02332	95
IBPFAHIO_02333	76
IBPFAHIO_02334	88920
IBPFAHIO_02335	446
IBPFAHIO_02336	7825
IBPFAHIO_02337	8453
IBPFAHIO_02338	12081
IBPFAHIO_02339	19001
IBPFAHIO_02340	35752
IBPFAHIO_02341	193
IBPFAHIO_02342	105
IBPFAHIO_02343	3147
IBPFAHIO_02344	30271
IBPFAHIO_02345	2063
IBPFAHIO_02346	2979
IBPFAHIO_02347	756
IBPFAHIO_02348	6989
IBPFAHIO_02349	10690
IBPFAHIO_02350	17398
IBPFAHIO_02351	5694
IBPFAHIO_02352	6656
IBPFAHIO_02353	6361
IBPFAHIO_02354	24867
IBPFAHIO_02355	7362
IBPFAHIO_02356	3141
IBPFAHIO_02357	60874
IBPFAHIO_02359	7
IBPFAHIO_02360	17
IBPFAHIO_02361	4865
IBPFAHIO_02362	1001
IBPFAHIO_02365	3502
IBPFAHIO_02366	67600
IBPFAHIO_02367	4123
IBPFAHIO_02368	7364
IBPFAHIO_02369	4651
IBPFAHIO_02370	11515
IBPFAHIO_02371	14043
IBPFAHIO_02372	9356
IBPFAHIO_02373	123367
IBPFAHIO_02374	5799
IBPFAHIO_02375	2680
IBPFAHIO_02376	11504
IBPFAHIO_02377	3888
IBPFAHIO_02378	55038
IBPFAHIO_02379	15381
IBPFAHIO_02380	8823
IBPFAHIO_02381	575
IBPFAHIO_02382	168584
IBPFAHIO_02383	55247
IBPFAHIO_02384	7994
IBPFAHIO_02385	8859
IBPFAHIO_02386	14105
IBPFAHIO_02387	5057
IBPFAHIO_02388	4084
IBPFAHIO_02389	11550
IBPFAHIO_02390	4261
IBPFAHIO_02391	4628
IBPFAHIO_02392	8146
IBPFAHIO_02393	17086
IBPFAHIO_02394	224
IBPFAHIO_02395	2074
IBPFAHIO_02396	4652
IBPFAHIO_02397	406
IBPFAHIO_02398	150
IBPFAHIO_02399	84
IBPFAHIO_02400	96
IBPFAHIO_02401	655
IBPFAHIO_02402	697
IBPFAHIO_02403	1335
IBPFAHIO_02404	27255
IBPFAHIO_02405	20572
IBPFAHIO_02406	2142
IBPFAHIO_02407	351
IBPFAHIO_02408	467
IBPFAHIO_02409	36
IBPFAHIO_02410	915
IBPFAHIO_02411	2240
IBPFAHIO_02412	2206
IBPFAHIO_02413	5234
IBPFAHIO_02415	5965
IBPFAHIO_02416	41875
IBPFAHIO_02417	88897
IBPFAHIO_02418	113561
IBPFAHIO_02419	12637
IBPFAHIO_02420	4700
IBPFAHIO_02421	20
IBPFAHIO_02422	48
IBPFAHIO_02423	15
IBPFAHIO_02424	45
IBPFAHIO_02425	4
IBPFAHIO_02426	34
IBPFAHIO_02427	172
IBPFAHIO_02428	710
IBPFAHIO_02429	168
IBPFAHIO_02430	153
IBPFAHIO_02431	4
IBPFAHIO_02432	26
IBPFAHIO_02433	19
IBPFAHIO_02434	127
IBPFAHIO_02435	655
IBPFAHIO_02436	239
IBPFAHIO_02437	23
IBPFAHIO_02438	10979
IBPFAHIO_02439	1606
IBPFAHIO_02440	3941
IBPFAHIO_02441	229
IBPFAHIO_02442	262
IBPFAHIO_02443	2421
IBPFAHIO_02444	1594
IBPFAHIO_02445	79
IBPFAHIO_02446	43
IBPFAHIO_02447	27
IBPFAHIO_02448	1163
IBPFAHIO_02449	3544
IBPFAHIO_02450	2129
IBPFAHIO_02451	2031
IBPFAHIO_02452	2583
IBPFAHIO_02453	2717
IBPFAHIO_02454	664
IBPFAHIO_02455	3128
IBPFAHIO_02456	3221
IBPFAHIO_02457	3129
IBPFAHIO_02458	67222
IBPFAHIO_02459	12512
IBPFAHIO_02460	13827
IBPFAHIO_02461	16942
IBPFAHIO_02462	37916
IBPFAHIO_02463	11307
IBPFAHIO_02464	9440
IBPFAHIO_02465	8665
IBPFAHIO_02466	44819
IBPFAHIO_02467	6707
IBPFAHIO_02468	14291
IBPFAHIO_02469	39009
IBPFAHIO_02470	10052
IBPFAHIO_02471	61023
IBPFAHIO_02472	82297
IBPFAHIO_02473	49650
IBPFAHIO_02474	34489
IBPFAHIO_02475	409
IBPFAHIO_02476	167
IBPFAHIO_02477	604
IBPFAHIO_02478	31393
IBPFAHIO_02479	2154
IBPFAHIO_02480	7560
IBPFAHIO_02481	9663
IBPFAHIO_02482	1134
IBPFAHIO_02483	3315
IBPFAHIO_02484	46552
IBPFAHIO_02485	925
IBPFAHIO_02486	2337
IBPFAHIO_02487	3315
IBPFAHIO_02489	15916
IBPFAHIO_02490	12857
IBPFAHIO_02491	363711
IBPFAHIO_02492	223688
IBPFAHIO_02493	136137
IBPFAHIO_02494	307268
IBPFAHIO_02495	4
IBPFAHIO_02496	8
IBPFAHIO_02497	23
IBPFAHIO_02498	13846
IBPFAHIO_02499	10954
IBPFAHIO_02500	33356
IBPFAHIO_02501	8904
IBPFAHIO_02502	9739
IBPFAHIO_02503	13753
IBPFAHIO_02504	7565
IBPFAHIO_02505	57487
IBPFAHIO_02506	7747
IBPFAHIO_02507	31766
IBPFAHIO_02508	9825
IBPFAHIO_02509	23129
IBPFAHIO_02510	16399
IBPFAHIO_02511	106708
IBPFAHIO_02512	56551
IBPFAHIO_02513	85745
IBPFAHIO_02514	46133
IBPFAHIO_02515	11084
IBPFAHIO_02516	97885
IBPFAHIO_02517	6366
IBPFAHIO_02518	2977
IBPFAHIO_02519	2752
IBPFAHIO_02520	1120
IBPFAHIO_02521	1022
IBPFAHIO_02524	33439
IBPFAHIO_02525	5694
IBPFAHIO_02526	3956
IBPFAHIO_02527	892
IBPFAHIO_02528	3263
IBPFAHIO_02529	199
IBPFAHIO_02530	215
IBPFAHIO_02531	242669
IBPFAHIO_02532	118149
IBPFAHIO_02533	14039
IBPFAHIO_02534	29510
IBPFAHIO_02535	38434
IBPFAHIO_02536	9753
IBPFAHIO_02537	8091
IBPFAHIO_02538	19240
IBPFAHIO_02539	14558
IBPFAHIO_02540	27652
IBPFAHIO_02541	22033
IBPFAHIO_02542	30467
IBPFAHIO_02543	1166
IBPFAHIO_02544	356
IBPFAHIO_02545	61048
IBPFAHIO_02546	13080
IBPFAHIO_02547	1504
IBPFAHIO_02548	0
IBPFAHIO_02549	14648
IBPFAHIO_02550	9310
IBPFAHIO_02551	43373
IBPFAHIO_02552	50640
IBPFAHIO_02553	11863
IBPFAHIO_02554	102793
IBPFAHIO_02555	24352
IBPFAHIO_02556	58657
IBPFAHIO_02557	110206
IBPFAHIO_02558	2975
IBPFAHIO_02559	1
IBPFAHIO_02560	2512
IBPFAHIO_02561	14750
IBPFAHIO_02562	7750
IBPFAHIO_02563	19792
IBPFAHIO_02564	18526
IBPFAHIO_02565	264
IBPFAHIO_02566	567
IBPFAHIO_02567	512
IBPFAHIO_02568	5369
IBPFAHIO_02569	4615
IBPFAHIO_02570	18961
IBPFAHIO_02571	50386
IBPFAHIO_02572	1508
IBPFAHIO_02573	3301
IBPFAHIO_02574	1299
IBPFAHIO_02575	280589
IBPFAHIO_02576	247677
IBPFAHIO_02577	994
IBPFAHIO_02578	18593
IBPFAHIO_02579	59091
IBPFAHIO_02580	11653
IBPFAHIO_02581	7495
IBPFAHIO_02582	35721
IBPFAHIO_02583	3955
IBPFAHIO_02584	1789
IBPFAHIO_02585	16679
IBPFAHIO_02586	2549
IBPFAHIO_02587	8535
IBPFAHIO_02588	6904
IBPFAHIO_02589	5179
IBPFAHIO_02590	2297
IBPFAHIO_02591	5048
IBPFAHIO_02592	3414
IBPFAHIO_02593	3018
IBPFAHIO_02594	8701
IBPFAHIO_02595	4637
IBPFAHIO_02596	2638
IBPFAHIO_02597	1030
IBPFAHIO_02598	2289
IBPFAHIO_02599	1634
IBPFAHIO_02600	2826
IBPFAHIO_02601	2016
IBPFAHIO_02602	1447
IBPFAHIO_02603	3232
IBPFAHIO_02604	52
IBPFAHIO_02605	2035
IBPFAHIO_02606	4507
IBPFAHIO_02607	233
IBPFAHIO_02608	336
IBPFAHIO_02609	163
IBPFAHIO_02610	35
IBPFAHIO_02611	95
IBPFAHIO_02612	7668
IBPFAHIO_02613	14850
IBPFAHIO_02614	6449
IBPFAHIO_02615	49980
IBPFAHIO_02616	31704
IBPFAHIO_02617	1424
IBPFAHIO_02618	9701
IBPFAHIO_02619	18599
IBPFAHIO_02620	193
IBPFAHIO_02621	65308
IBPFAHIO_02622	233
IBPFAHIO_02623	536
IBPFAHIO_02624	54311
IBPFAHIO_02625	12134
IBPFAHIO_02626	7426
IBPFAHIO_02627	26179
IBPFAHIO_02628	33231
IBPFAHIO_02629	3230
IBPFAHIO_02630	2435
IBPFAHIO_02631	832
IBPFAHIO_02632	9325
IBPFAHIO_02633	21586
IBPFAHIO_02634	4
IBPFAHIO_02635	605
IBPFAHIO_02636	1652
IBPFAHIO_02637	978
IBPFAHIO_02638	11347
IBPFAHIO_02639	19657
IBPFAHIO_02640	298
IBPFAHIO_02641	829
IBPFAHIO_02642	221
IBPFAHIO_02643	109
IBPFAHIO_02644	602
IBPFAHIO_02645	294
IBPFAHIO_02646	130
IBPFAHIO_02647	12508
IBPFAHIO_02648	367
IBPFAHIO_02649	420
IBPFAHIO_02650	2
IBPFAHIO_02651	0
IBPFAHIO_02652	10
IBPFAHIO_02653	0
IBPFAHIO_02654	4
IBPFAHIO_02655	439
IBPFAHIO_02656	2518
IBPFAHIO_02657	31
IBPFAHIO_02658	22888
IBPFAHIO_02659	32
IBPFAHIO_02660	31
IBPFAHIO_02661	331
IBPFAHIO_02662	1275
IBPFAHIO_02663	886
IBPFAHIO_02664	4764
IBPFAHIO_02665	2
IBPFAHIO_02666	379
IBPFAHIO_02667	1844
IBPFAHIO_02668	36418
IBPFAHIO_02669	11438
IBPFAHIO_02670	10224
IBPFAHIO_02671	5467
IBPFAHIO_02672	35976
IBPFAHIO_02673	1887
IBPFAHIO_02674	2073
IBPFAHIO_02675	4811
IBPFAHIO_02676	27575
IBPFAHIO_02677	4726
IBPFAHIO_02678	2008
IBPFAHIO_02679	4280
IBPFAHIO_02680	13152
IBPFAHIO_02681	26976
IBPFAHIO_02682	407
IBPFAHIO_02683	76
IBPFAHIO_02684	0
IBPFAHIO_02685	11
IBPFAHIO_02686	6
IBPFAHIO_02687	195
IBPFAHIO_02688	14
IBPFAHIO_02689	187
IBPFAHIO_02690	16
IBPFAHIO_02691	1
IBPFAHIO_02692	12
IBPFAHIO_02693	0
IBPFAHIO_02694	0
IBPFAHIO_02695	17
IBPFAHIO_02696	10831
IBPFAHIO_02697	4892
IBPFAHIO_02698	30
IBPFAHIO_02699	121
IBPFAHIO_02700	4
IBPFAHIO_02701	81
IBPFAHIO_02702	24
IBPFAHIO_02703	33
IBPFAHIO_02704	137
IBPFAHIO_02705	348
IBPFAHIO_02706	248
IBPFAHIO_02707	210
IBPFAHIO_02708	381
IBPFAHIO_02709	736
IBPFAHIO_02710	1429
IBPFAHIO_02711	9362
IBPFAHIO_02712	638
IBPFAHIO_02713	187
IBPFAHIO_02714	48
IBPFAHIO_02715	154
IBPFAHIO_02716	89
IBPFAHIO_02717	19
IBPFAHIO_02718	82
IBPFAHIO_02719	154
IBPFAHIO_02720	79
IBPFAHIO_02721	60
IBPFAHIO_02722	266
IBPFAHIO_02723	190
IBPFAHIO_02724	1
IBPFAHIO_02725	2
IBPFAHIO_02726	9329
IBPFAHIO_02727	41
IBPFAHIO_02728	23
IBPFAHIO_02729	332
IBPFAHIO_02730	415
IBPFAHIO_02731	6943
IBPFAHIO_02732	897
IBPFAHIO_02733	241
IBPFAHIO_02734	54
IBPFAHIO_02735	57
IBPFAHIO_02736	67
IBPFAHIO_02737	241
IBPFAHIO_02738	282
IBPFAHIO_02739	12
IBPFAHIO_02740	1906
IBPFAHIO_02741	218
IBPFAHIO_02742	1197
IBPFAHIO_02743	975
IBPFAHIO_02744	2379
IBPFAHIO_02745	1974
IBPFAHIO_02746	2
IBPFAHIO_02747	57
IBPFAHIO_02748	26
IBPFAHIO_02749	122
IBPFAHIO_02750	2223
IBPFAHIO_02751	394
IBPFAHIO_02752	980
IBPFAHIO_02753	8
IBPFAHIO_02754	14
IBPFAHIO_02755	221
IBPFAHIO_02756	263
IBPFAHIO_02757	310
IBPFAHIO_02758	144
IBPFAHIO_02759	52
IBPFAHIO_02760	518
IBPFAHIO_02761	299
IBPFAHIO_02762	683
IBPFAHIO_02763	90805
IBPFAHIO_02764	17052
IBPFAHIO_02765	13584
IBPFAHIO_02766	55
IBPFAHIO_02767	1178
IBPFAHIO_02768	580
IBPFAHIO_02769	3344
IBPFAHIO_02770	2047
IBPFAHIO_02771	2154
IBPFAHIO_02772	966
IBPFAHIO_02773	22
IBPFAHIO_02774	42
IBPFAHIO_02775	483
IBPFAHIO_02776	334
IBPFAHIO_02777	206896
IBPFAHIO_02778	67227
IBPFAHIO_02779	18761
IBPFAHIO_02780	1305
IBPFAHIO_02781	1808
IBPFAHIO_02782	316
IBPFAHIO_02783	298
IBPFAHIO_02784	4972
IBPFAHIO_02785	96
IBPFAHIO_02786	2679
IBPFAHIO_02787	10
IBPFAHIO_02788	855
IBPFAHIO_02789	590
IBPFAHIO_02790	3630
IBPFAHIO_02791	396
IBPFAHIO_02792	2632
IBPFAHIO_02793	128
IBPFAHIO_02794	2188
IBPFAHIO_02795	2915
IBPFAHIO_02796	208
IBPFAHIO_02797	827
IBPFAHIO_02798	1491
IBPFAHIO_02799	1297
IBPFAHIO_02800	9626
IBPFAHIO_02801	372
IBPFAHIO_02802	169
IBPFAHIO_02803	537
IBPFAHIO_02804	84
IBPFAHIO_02805	16
IBPFAHIO_02806	169
IBPFAHIO_02807	1614
IBPFAHIO_02808	1704
IBPFAHIO_02809	4460
IBPFAHIO_02810	6346
IBPFAHIO_02811	2137
IBPFAHIO_02812	1018
IBPFAHIO_02813	843
IBPFAHIO_02814	835
IBPFAHIO_02815	1493
IBPFAHIO_02816	97
IBPFAHIO_02817	1168
IBPFAHIO_02818	4450
IBPFAHIO_02819	83
IBPFAHIO_02820	113
IBPFAHIO_02821	503
IBPFAHIO_02822	212
IBPFAHIO_02823	465
IBPFAHIO_02824	886
IBPFAHIO_02825	1268
IBPFAHIO_02826	747
IBPFAHIO_02827	924
IBPFAHIO_02828	1035
IBPFAHIO_02829	374
IBPFAHIO_02830	3957
IBPFAHIO_02831	2422
IBPFAHIO_02832	176
IBPFAHIO_02833	14510
IBPFAHIO_02834	10488
IBPFAHIO_02835	329
IBPFAHIO_02836	10
IBPFAHIO_02837	682
IBPFAHIO_02838	988
IBPFAHIO_02839	4
IBPFAHIO_02840	2
IBPFAHIO_02841	22
IBPFAHIO_02842	165
IBPFAHIO_02843	1368
IBPFAHIO_02844	3069
IBPFAHIO_02845	559
IBPFAHIO_02846	369
IBPFAHIO_02847	1984
IBPFAHIO_02848	1650
IBPFAHIO_02849	46
IBPFAHIO_02850	7185
IBPFAHIO_02851	234
IBPFAHIO_02852	2681
IBPFAHIO_02853	11445
IBPFAHIO_02854	5528
IBPFAHIO_02855	2408
IBPFAHIO_02856	2081
IBPFAHIO_02857	242
IBPFAHIO_02858	4042
IBPFAHIO_02859	10699
IBPFAHIO_02860	2
IBPFAHIO_02861	608
IBPFAHIO_02862	15
IBPFAHIO_02863	1463
IBPFAHIO_02864	457
IBPFAHIO_02865	1629
IBPFAHIO_02866	451
IBPFAHIO_02867	3
IBPFAHIO_02868	41
IBPFAHIO_02869	229
IBPFAHIO_02870	1080
IBPFAHIO_02871	1938
IBPFAHIO_02872	2636
IBPFAHIO_02873	6405
IBPFAHIO_02874	1204
IBPFAHIO_02875	1000
IBPFAHIO_02876	934
IBPFAHIO_02877	492
IBPFAHIO_02878	2137
IBPFAHIO_02879	1538
IBPFAHIO_02880	679
IBPFAHIO_02881	69
IBPFAHIO_02882	45
IBPFAHIO_02883	40282
IBPFAHIO_02884	1709
IBPFAHIO_02885	3115
IBPFAHIO_02886	803
IBPFAHIO_02887	239
IBPFAHIO_02888	2074
IBPFAHIO_02889	644
IBPFAHIO_02890	7587
IBPFAHIO_02891	27
IBPFAHIO_02892	305
IBPFAHIO_02893	105
IBPFAHIO_02894	136
IBPFAHIO_02895	119
IBPFAHIO_02896	112
IBPFAHIO_02897	153
IBPFAHIO_02898	23
IBPFAHIO_02899	25
IBPFAHIO_02900	44
IBPFAHIO_02901	42
IBPFAHIO_02902	351
IBPFAHIO_02903	4755
IBPFAHIO_02904	1166
IBPFAHIO_02905	7880
IBPFAHIO_02906	4855
IBPFAHIO_02907	342
IBPFAHIO_02908	1455
IBPFAHIO_02909	1465
IBPFAHIO_02910	2238
IBPFAHIO_02911	143
IBPFAHIO_02912	468
IBPFAHIO_02913	344
IBPFAHIO_02914	1676
IBPFAHIO_02915	249
IBPFAHIO_02916	239
IBPFAHIO_02917	239
IBPFAHIO_02918	1391
IBPFAHIO_02919	96
IBPFAHIO_02920	892
IBPFAHIO_02921	657
IBPFAHIO_02922	331
IBPFAHIO_02923	4
IBPFAHIO_02924	0
IBPFAHIO_02925	0
IBPFAHIO_02926	0
IBPFAHIO_02927	338
IBPFAHIO_02928	1020
IBPFAHIO_02929	13
IBPFAHIO_02930	3334
IBPFAHIO_02931	3851
IBPFAHIO_02932	795
IBPFAHIO_02933	891
IBPFAHIO_02934	5971
IBPFAHIO_02935	10010
IBPFAHIO_02936	948
IBPFAHIO_02937	5477
IBPFAHIO_02938	4712
IBPFAHIO_02939	5798
IBPFAHIO_02940	7805
IBPFAHIO_02941	1977
IBPFAHIO_02942	2300
IBPFAHIO_02943	2115
IBPFAHIO_02944	2384
IBPFAHIO_02945	490
IBPFAHIO_02946	1387
IBPFAHIO_02947	2287
IBPFAHIO_02948	3653
IBPFAHIO_02949	5
IBPFAHIO_02950	2
IBPFAHIO_02951	0
IBPFAHIO_02952	2
IBPFAHIO_02953	0
IBPFAHIO_02954	254
IBPFAHIO_02955	262
IBPFAHIO_02956	488
IBPFAHIO_02957	43
IBPFAHIO_02958	905
IBPFAHIO_02959	2546
IBPFAHIO_02960	1926
IBPFAHIO_02961	3640
IBPFAHIO_02962	102
IBPFAHIO_02963	150
IBPFAHIO_02964	230
IBPFAHIO_02965	631
IBPFAHIO_02966	3317
IBPFAHIO_02967	429
IBPFAHIO_02968	336
IBPFAHIO_02969	57767
IBPFAHIO_02970	45124
IBPFAHIO_02971	1284
IBPFAHIO_02972	6537
IBPFAHIO_02973	2070
IBPFAHIO_02974	120
IBPFAHIO_02975	1021
IBPFAHIO_02976	41
IBPFAHIO_02977	928
IBPFAHIO_02978	1525
IBPFAHIO_02979	84
IBPFAHIO_02980	1172
IBPFAHIO_02981	3638
IBPFAHIO_02982	149
IBPFAHIO_02983	250
IBPFAHIO_02984	45
IBPFAHIO_02985	24
IBPFAHIO_02986	34
IBPFAHIO_02987	262
IBPFAHIO_02988	12
IBPFAHIO_02989	262
IBPFAHIO_02990	203
IBPFAHIO_02991	71
IBPFAHIO_02992	1361
IBPFAHIO_02993	745
IBPFAHIO_02994	165
IBPFAHIO_02995	106
IBPFAHIO_02996	76
IBPFAHIO_02997	128
IBPFAHIO_02998	112
IBPFAHIO_02999	194
IBPFAHIO_03000	140
IBPFAHIO_03001	3
IBPFAHIO_03002	0
IBPFAHIO_03003	0
IBPFAHIO_03004	0
IBPFAHIO_03005	0
IBPFAHIO_03006	0
IBPFAHIO_03007	0
IBPFAHIO_03008	0
IBPFAHIO_03009	0
IBPFAHIO_03010	1
IBPFAHIO_03011	0
IBPFAHIO_03012	0
IBPFAHIO_03013	0
IBPFAHIO_03014	2
IBPFAHIO_03015	0
IBPFAHIO_03016	0
IBPFAHIO_03017	0
IBPFAHIO_03018	430
IBPFAHIO_03019	1536
IBPFAHIO_03020	0
IBPFAHIO_03021	1
IBPFAHIO_03022	5669
IBPFAHIO_03023	2133
IBPFAHIO_03024	4606
IBPFAHIO_03025	70471
IBPFAHIO_03026	103
IBPFAHIO_03027	1518
IBPFAHIO_03028	574
IBPFAHIO_03029	4458
IBPFAHIO_03030	18
IBPFAHIO_03031	595
IBPFAHIO_03032	2320
IBPFAHIO_03033	3003
IBPFAHIO_03034	879933
IBPFAHIO_03035	202076
IBPFAHIO_03036	12737
IBPFAHIO_03037	4190
IBPFAHIO_03038	5325
IBPFAHIO_03039	2176
IBPFAHIO_03040	17593
IBPFAHIO_03041	337
IBPFAHIO_03042	3575
IBPFAHIO_03043	1630
IBPFAHIO_03044	55
IBPFAHIO_03045	2815
IBPFAHIO_03046	5141
IBPFAHIO_03047	5570
IBPFAHIO_03048	913
IBPFAHIO_03049	4979
IBPFAHIO_03050	1236
IBPFAHIO_03051	25
IBPFAHIO_03052	224
IBPFAHIO_03053	6436
IBPFAHIO_03054	13004
IBPFAHIO_03055	489
IBPFAHIO_03056	0
IBPFAHIO_03057	0
IBPFAHIO_03058	4
IBPFAHIO_03059	0
IBPFAHIO_03060	23
IBPFAHIO_03061	13
IBPFAHIO_03062	0
IBPFAHIO_03063	0
IBPFAHIO_03064	0
IBPFAHIO_03065	0
IBPFAHIO_03066	0
IBPFAHIO_03067	0
IBPFAHIO_03068	0
IBPFAHIO_03069	0
IBPFAHIO_03070	190
IBPFAHIO_03071	314
IBPFAHIO_03072	3
IBPFAHIO_03073	8
IBPFAHIO_03074	109
IBPFAHIO_03075	471
IBPFAHIO_03076	239
IBPFAHIO_03077	82
IBPFAHIO_03078	196
IBPFAHIO_03079	38
IBPFAHIO_03080	0
IBPFAHIO_03081	154
IBPFAHIO_03082	10
IBPFAHIO_03083	36
IBPFAHIO_03084	0
IBPFAHIO_03085	0
IBPFAHIO_03086	3
IBPFAHIO_03087	15207
IBPFAHIO_03088	60
IBPFAHIO_03089	7
IBPFAHIO_03090	3672
IBPFAHIO_03091	337
IBPFAHIO_03092	3936
IBPFAHIO_03093	893
IBPFAHIO_03094	46
IBPFAHIO_03095	94
IBPFAHIO_03096	7848
IBPFAHIO_03097	10032
IBPFAHIO_03098	4643
IBPFAHIO_03099	39
IBPFAHIO_03100	39
IBPFAHIO_03101	0
IBPFAHIO_03102	0
IBPFAHIO_03103	0
IBPFAHIO_03104	395
IBPFAHIO_03105	28159
IBPFAHIO_03106	304
IBPFAHIO_03107	261
IBPFAHIO_03108	0
IBPFAHIO_03109	6
IBPFAHIO_03110	0
IBPFAHIO_03111	0
IBPFAHIO_03112	0
IBPFAHIO_03113	0
IBPFAHIO_03114	0
IBPFAHIO_03115	1160
IBPFAHIO_03116	5293
IBPFAHIO_03117	1598
IBPFAHIO_03118	1686
IBPFAHIO_03119	275
IBPFAHIO_03120	294
IBPFAHIO_03121	1781
IBPFAHIO_03122	6
IBPFAHIO_03123	0
IBPFAHIO_03124	2
IBPFAHIO_03125	0
IBPFAHIO_03126	0
IBPFAHIO_03127	0
IBPFAHIO_03128	1289
IBPFAHIO_03129	1876
IBPFAHIO_03130	436
IBPFAHIO_03131	316
IBPFAHIO_03132	86
IBPFAHIO_03133	184
IBPFAHIO_03134	163
IBPFAHIO_03135	269
IBPFAHIO_03136	117
IBPFAHIO_03137	96
IBPFAHIO_03138	125
IBPFAHIO_03139	54
IBPFAHIO_03140	135
IBPFAHIO_03141	19
IBPFAHIO_03142	341
IBPFAHIO_03143	238
IBPFAHIO_03144	320
IBPFAHIO_03145	9
IBPFAHIO_03146	329
IBPFAHIO_03147	2667
IBPFAHIO_03148	11
IBPFAHIO_03149	49
IBPFAHIO_03150	43
IBPFAHIO_03151	112
IBPFAHIO_03152	49
IBPFAHIO_03153	75
IBPFAHIO_03154	10
IBPFAHIO_03155	223
IBPFAHIO_03156	232
IBPFAHIO_03157	719
IBPFAHIO_03158	143
IBPFAHIO_03159	225
IBPFAHIO_03160	25817
IBPFAHIO_03161	4034
IBPFAHIO_03162	916
IBPFAHIO_03163	1614
IBPFAHIO_03164	1005
__no_feature	26756429
__ambiguous	2181714
__too_low_aQual	1558617
__not_aligned	745902
__alignment_not_unique	0
