PJMGPNPJ_00001	0
PJMGPNPJ_00002	0
PJMGPNPJ_00003	0
PJMGPNPJ_00004	0
PJMGPNPJ_00005	0
PJMGPNPJ_00006	0
PJMGPNPJ_00007	0
PJMGPNPJ_00008	0
PJMGPNPJ_00009	0
PJMGPNPJ_00010	0
PJMGPNPJ_00011	0
PJMGPNPJ_00012	0
PJMGPNPJ_00013	0
PJMGPNPJ_00014	0
PJMGPNPJ_00015	0
PJMGPNPJ_00016	0
PJMGPNPJ_00017	0
PJMGPNPJ_00018	0
PJMGPNPJ_00019	0
PJMGPNPJ_00020	0
PJMGPNPJ_00021	0
PJMGPNPJ_00022	0
PJMGPNPJ_00023	0
PJMGPNPJ_00024	0
PJMGPNPJ_00025	0
PJMGPNPJ_00026	0
PJMGPNPJ_00027	0
PJMGPNPJ_00028	0
PJMGPNPJ_00029	0
PJMGPNPJ_00030	0
PJMGPNPJ_00031	0
PJMGPNPJ_00032	0
PJMGPNPJ_00033	0
PJMGPNPJ_00034	0
PJMGPNPJ_00035	0
PJMGPNPJ_00036	0
PJMGPNPJ_00037	0
PJMGPNPJ_00038	0
PJMGPNPJ_00039	0
PJMGPNPJ_00040	0
PJMGPNPJ_00041	0
PJMGPNPJ_00042	0
PJMGPNPJ_00043	0
PJMGPNPJ_00044	0
PJMGPNPJ_00045	0
PJMGPNPJ_00046	0
PJMGPNPJ_00047	0
PJMGPNPJ_00048	0
PJMGPNPJ_00049	0
PJMGPNPJ_00050	0
PJMGPNPJ_00051	0
PJMGPNPJ_00052	0
PJMGPNPJ_00053	0
PJMGPNPJ_00054	0
PJMGPNPJ_00055	0
PJMGPNPJ_00056	0
PJMGPNPJ_00057	0
PJMGPNPJ_00058	0
PJMGPNPJ_00059	0
PJMGPNPJ_00060	0
PJMGPNPJ_00061	0
PJMGPNPJ_00062	0
PJMGPNPJ_00063	0
PJMGPNPJ_00064	0
PJMGPNPJ_00065	0
PJMGPNPJ_00066	0
PJMGPNPJ_00067	0
PJMGPNPJ_00068	0
PJMGPNPJ_00069	0
PJMGPNPJ_00070	0
PJMGPNPJ_00071	0
PJMGPNPJ_00072	0
PJMGPNPJ_00073	0
PJMGPNPJ_00074	0
PJMGPNPJ_00075	0
PJMGPNPJ_00076	0
PJMGPNPJ_00077	0
PJMGPNPJ_00078	0
PJMGPNPJ_00079	0
PJMGPNPJ_00080	0
PJMGPNPJ_00081	0
PJMGPNPJ_00082	0
PJMGPNPJ_00083	0
PJMGPNPJ_00084	0
PJMGPNPJ_00085	0
PJMGPNPJ_00086	0
PJMGPNPJ_00087	0
PJMGPNPJ_00088	0
PJMGPNPJ_00089	0
PJMGPNPJ_00090	0
PJMGPNPJ_00091	0
PJMGPNPJ_00092	0
PJMGPNPJ_00093	0
PJMGPNPJ_00094	0
PJMGPNPJ_00095	0
PJMGPNPJ_00096	0
PJMGPNPJ_00097	0
PJMGPNPJ_00098	0
PJMGPNPJ_00099	0
PJMGPNPJ_00100	0
PJMGPNPJ_00101	0
PJMGPNPJ_00102	0
PJMGPNPJ_00103	0
PJMGPNPJ_00104	0
PJMGPNPJ_00105	0
PJMGPNPJ_00106	0
PJMGPNPJ_00107	0
PJMGPNPJ_00108	0
PJMGPNPJ_00109	0
PJMGPNPJ_00110	0
PJMGPNPJ_00111	0
PJMGPNPJ_00112	0
PJMGPNPJ_00113	0
PJMGPNPJ_00114	0
PJMGPNPJ_00115	0
PJMGPNPJ_00116	0
PJMGPNPJ_00117	0
PJMGPNPJ_00118	0
PJMGPNPJ_00119	0
PJMGPNPJ_00120	0
PJMGPNPJ_00121	0
PJMGPNPJ_00122	0
PJMGPNPJ_00123	0
PJMGPNPJ_00124	0
PJMGPNPJ_00125	0
PJMGPNPJ_00126	0
PJMGPNPJ_00127	0
PJMGPNPJ_00128	0
PJMGPNPJ_00129	0
PJMGPNPJ_00130	0
PJMGPNPJ_00131	0
PJMGPNPJ_00132	0
PJMGPNPJ_00133	0
PJMGPNPJ_00134	0
PJMGPNPJ_00135	0
PJMGPNPJ_00136	0
PJMGPNPJ_00137	0
PJMGPNPJ_00138	0
PJMGPNPJ_00139	0
PJMGPNPJ_00140	0
PJMGPNPJ_00141	0
PJMGPNPJ_00142	0
PJMGPNPJ_00143	0
PJMGPNPJ_00144	0
PJMGPNPJ_00145	0
PJMGPNPJ_00146	0
PJMGPNPJ_00147	0
PJMGPNPJ_00148	0
PJMGPNPJ_00149	0
PJMGPNPJ_00150	0
PJMGPNPJ_00151	0
PJMGPNPJ_00152	0
PJMGPNPJ_00153	0
PJMGPNPJ_00154	0
PJMGPNPJ_00155	0
PJMGPNPJ_00156	0
PJMGPNPJ_00157	0
PJMGPNPJ_00158	0
PJMGPNPJ_00159	0
PJMGPNPJ_00160	0
PJMGPNPJ_00161	0
PJMGPNPJ_00162	0
PJMGPNPJ_00163	0
PJMGPNPJ_00164	0
PJMGPNPJ_00165	0
PJMGPNPJ_00166	0
PJMGPNPJ_00167	0
PJMGPNPJ_00168	0
PJMGPNPJ_00169	0
PJMGPNPJ_00170	0
PJMGPNPJ_00171	0
PJMGPNPJ_00172	0
PJMGPNPJ_00173	0
PJMGPNPJ_00174	0
PJMGPNPJ_00175	0
PJMGPNPJ_00176	0
PJMGPNPJ_00177	0
PJMGPNPJ_00178	0
PJMGPNPJ_00179	0
PJMGPNPJ_00180	0
PJMGPNPJ_00181	0
PJMGPNPJ_00182	0
PJMGPNPJ_00183	0
PJMGPNPJ_00184	0
PJMGPNPJ_00185	0
PJMGPNPJ_00186	0
PJMGPNPJ_00187	0
PJMGPNPJ_00188	0
PJMGPNPJ_00189	0
PJMGPNPJ_00190	0
PJMGPNPJ_00191	0
PJMGPNPJ_00192	0
PJMGPNPJ_00193	0
PJMGPNPJ_00194	0
PJMGPNPJ_00195	0
PJMGPNPJ_00196	0
PJMGPNPJ_00197	0
PJMGPNPJ_00198	0
PJMGPNPJ_00199	0
PJMGPNPJ_00200	0
PJMGPNPJ_00201	0
PJMGPNPJ_00202	0
PJMGPNPJ_00203	0
PJMGPNPJ_00204	0
PJMGPNPJ_00205	0
PJMGPNPJ_00206	0
PJMGPNPJ_00207	0
PJMGPNPJ_00208	0
PJMGPNPJ_00209	0
PJMGPNPJ_00210	0
PJMGPNPJ_00211	0
PJMGPNPJ_00212	0
PJMGPNPJ_00213	0
PJMGPNPJ_00214	0
PJMGPNPJ_00215	0
PJMGPNPJ_00216	0
PJMGPNPJ_00217	0
PJMGPNPJ_00218	0
PJMGPNPJ_00219	0
PJMGPNPJ_00220	0
PJMGPNPJ_00221	0
PJMGPNPJ_00222	0
PJMGPNPJ_00223	0
PJMGPNPJ_00224	0
PJMGPNPJ_00225	0
PJMGPNPJ_00226	0
PJMGPNPJ_00227	0
PJMGPNPJ_00228	0
PJMGPNPJ_00229	0
PJMGPNPJ_00230	0
PJMGPNPJ_00231	0
PJMGPNPJ_00232	0
PJMGPNPJ_00233	0
PJMGPNPJ_00234	0
PJMGPNPJ_00235	0
PJMGPNPJ_00236	0
PJMGPNPJ_00237	0
PJMGPNPJ_00238	0
PJMGPNPJ_00239	0
PJMGPNPJ_00240	0
PJMGPNPJ_00241	0
PJMGPNPJ_00242	0
PJMGPNPJ_00243	0
PJMGPNPJ_00244	0
PJMGPNPJ_00245	0
PJMGPNPJ_00246	0
PJMGPNPJ_00247	0
PJMGPNPJ_00248	0
PJMGPNPJ_00249	0
PJMGPNPJ_00250	0
PJMGPNPJ_00251	0
PJMGPNPJ_00252	0
PJMGPNPJ_00253	0
PJMGPNPJ_00254	0
PJMGPNPJ_00255	0
PJMGPNPJ_00256	0
PJMGPNPJ_00257	0
PJMGPNPJ_00258	0
PJMGPNPJ_00259	0
PJMGPNPJ_00260	0
PJMGPNPJ_00261	0
PJMGPNPJ_00262	0
PJMGPNPJ_00263	0
PJMGPNPJ_00264	0
PJMGPNPJ_00265	0
PJMGPNPJ_00266	0
PJMGPNPJ_00267	0
PJMGPNPJ_00268	0
PJMGPNPJ_00269	0
PJMGPNPJ_00270	0
PJMGPNPJ_00271	0
PJMGPNPJ_00272	0
PJMGPNPJ_00273	0
PJMGPNPJ_00274	0
PJMGPNPJ_00275	0
PJMGPNPJ_00276	0
PJMGPNPJ_00277	0
PJMGPNPJ_00278	0
PJMGPNPJ_00279	0
PJMGPNPJ_00280	0
PJMGPNPJ_00281	0
PJMGPNPJ_00282	0
PJMGPNPJ_00283	0
PJMGPNPJ_00284	0
PJMGPNPJ_00285	0
PJMGPNPJ_00286	0
PJMGPNPJ_00287	0
PJMGPNPJ_00288	0
PJMGPNPJ_00289	0
PJMGPNPJ_00290	0
PJMGPNPJ_00291	0
PJMGPNPJ_00292	0
PJMGPNPJ_00293	0
PJMGPNPJ_00294	0
PJMGPNPJ_00295	0
PJMGPNPJ_00296	0
PJMGPNPJ_00297	0
PJMGPNPJ_00298	0
PJMGPNPJ_00299	0
PJMGPNPJ_00300	0
PJMGPNPJ_00301	0
PJMGPNPJ_00302	0
PJMGPNPJ_00303	0
PJMGPNPJ_00304	0
PJMGPNPJ_00305	0
PJMGPNPJ_00306	0
PJMGPNPJ_00307	0
PJMGPNPJ_00308	0
PJMGPNPJ_00309	0
PJMGPNPJ_00310	0
PJMGPNPJ_00311	0
PJMGPNPJ_00312	0
PJMGPNPJ_00313	0
PJMGPNPJ_00314	0
PJMGPNPJ_00315	0
PJMGPNPJ_00316	0
PJMGPNPJ_00317	0
PJMGPNPJ_00318	0
PJMGPNPJ_00319	0
PJMGPNPJ_00320	0
PJMGPNPJ_00321	0
PJMGPNPJ_00322	0
PJMGPNPJ_00323	0
PJMGPNPJ_00324	0
PJMGPNPJ_00325	0
PJMGPNPJ_00326	0
PJMGPNPJ_00327	0
PJMGPNPJ_00328	0
PJMGPNPJ_00329	0
PJMGPNPJ_00330	0
PJMGPNPJ_00331	0
PJMGPNPJ_00332	0
PJMGPNPJ_00333	0
PJMGPNPJ_00334	0
PJMGPNPJ_00335	0
PJMGPNPJ_00336	0
PJMGPNPJ_00337	0
PJMGPNPJ_00338	0
PJMGPNPJ_00339	0
PJMGPNPJ_00340	0
PJMGPNPJ_00341	0
PJMGPNPJ_00342	0
PJMGPNPJ_00343	0
PJMGPNPJ_00344	0
PJMGPNPJ_00345	0
PJMGPNPJ_00346	0
PJMGPNPJ_00347	0
PJMGPNPJ_00348	0
PJMGPNPJ_00349	0
PJMGPNPJ_00350	0
PJMGPNPJ_00351	0
PJMGPNPJ_00352	0
PJMGPNPJ_00353	0
PJMGPNPJ_00355	0
PJMGPNPJ_00356	0
PJMGPNPJ_00357	0
PJMGPNPJ_00358	0
PJMGPNPJ_00359	0
PJMGPNPJ_00360	0
PJMGPNPJ_00361	0
PJMGPNPJ_00362	0
PJMGPNPJ_00363	0
PJMGPNPJ_00365	0
PJMGPNPJ_00366	0
PJMGPNPJ_00367	0
PJMGPNPJ_00368	0
PJMGPNPJ_00369	0
PJMGPNPJ_00370	0
PJMGPNPJ_00371	0
PJMGPNPJ_00372	0
PJMGPNPJ_00373	0
PJMGPNPJ_00374	0
PJMGPNPJ_00375	0
PJMGPNPJ_00376	0
PJMGPNPJ_00377	0
PJMGPNPJ_00378	0
PJMGPNPJ_00379	0
PJMGPNPJ_00380	0
PJMGPNPJ_00381	0
PJMGPNPJ_00382	0
PJMGPNPJ_00383	0
PJMGPNPJ_00384	0
PJMGPNPJ_00385	0
PJMGPNPJ_00386	0
PJMGPNPJ_00387	0
PJMGPNPJ_00388	0
PJMGPNPJ_00389	0
PJMGPNPJ_00390	0
PJMGPNPJ_00391	0
PJMGPNPJ_00392	0
PJMGPNPJ_00393	0
PJMGPNPJ_00394	0
PJMGPNPJ_00395	0
PJMGPNPJ_00396	0
PJMGPNPJ_00397	0
PJMGPNPJ_00398	0
PJMGPNPJ_00399	0
PJMGPNPJ_00400	0
PJMGPNPJ_00401	0
PJMGPNPJ_00402	0
PJMGPNPJ_00403	0
PJMGPNPJ_00404	0
PJMGPNPJ_00405	0
PJMGPNPJ_00406	0
PJMGPNPJ_00407	0
PJMGPNPJ_00408	0
PJMGPNPJ_00409	0
PJMGPNPJ_00410	0
PJMGPNPJ_00411	0
PJMGPNPJ_00412	0
PJMGPNPJ_00413	0
PJMGPNPJ_00414	0
PJMGPNPJ_00415	0
PJMGPNPJ_00416	0
PJMGPNPJ_00417	0
PJMGPNPJ_00418	0
PJMGPNPJ_00419	0
PJMGPNPJ_00420	0
PJMGPNPJ_00421	0
PJMGPNPJ_00422	0
PJMGPNPJ_00423	0
PJMGPNPJ_00424	0
PJMGPNPJ_00425	0
PJMGPNPJ_00426	0
PJMGPNPJ_00427	0
PJMGPNPJ_00428	0
PJMGPNPJ_00429	0
PJMGPNPJ_00430	0
PJMGPNPJ_00431	0
PJMGPNPJ_00432	0
PJMGPNPJ_00433	0
PJMGPNPJ_00434	0
PJMGPNPJ_00435	0
PJMGPNPJ_00436	0
PJMGPNPJ_00437	0
PJMGPNPJ_00438	0
PJMGPNPJ_00439	0
PJMGPNPJ_00440	0
PJMGPNPJ_00441	0
PJMGPNPJ_00442	0
PJMGPNPJ_00443	0
PJMGPNPJ_00444	0
PJMGPNPJ_00445	0
PJMGPNPJ_00446	0
PJMGPNPJ_00447	0
PJMGPNPJ_00448	0
PJMGPNPJ_00449	0
PJMGPNPJ_00450	0
PJMGPNPJ_00451	0
PJMGPNPJ_00452	0
PJMGPNPJ_00453	0
PJMGPNPJ_00454	0
PJMGPNPJ_00455	0
PJMGPNPJ_00456	0
PJMGPNPJ_00457	0
PJMGPNPJ_00458	0
PJMGPNPJ_00459	0
PJMGPNPJ_00460	0
PJMGPNPJ_00461	0
PJMGPNPJ_00462	0
PJMGPNPJ_00463	0
PJMGPNPJ_00464	0
PJMGPNPJ_00465	0
PJMGPNPJ_00466	0
PJMGPNPJ_00467	0
PJMGPNPJ_00468	0
PJMGPNPJ_00469	0
PJMGPNPJ_00470	0
PJMGPNPJ_00471	0
PJMGPNPJ_00472	0
PJMGPNPJ_00473	0
PJMGPNPJ_00474	0
PJMGPNPJ_00475	0
PJMGPNPJ_00476	0
PJMGPNPJ_00477	0
PJMGPNPJ_00478	0
PJMGPNPJ_00479	0
PJMGPNPJ_00480	0
PJMGPNPJ_00481	0
PJMGPNPJ_00482	0
PJMGPNPJ_00483	0
PJMGPNPJ_00484	0
PJMGPNPJ_00485	0
PJMGPNPJ_00486	0
PJMGPNPJ_00487	0
PJMGPNPJ_00488	0
PJMGPNPJ_00489	0
PJMGPNPJ_00490	0
PJMGPNPJ_00491	0
PJMGPNPJ_00492	0
PJMGPNPJ_00493	0
PJMGPNPJ_00494	0
PJMGPNPJ_00495	0
PJMGPNPJ_00496	0
PJMGPNPJ_00497	0
PJMGPNPJ_00498	0
PJMGPNPJ_00499	0
PJMGPNPJ_00500	0
PJMGPNPJ_00501	0
PJMGPNPJ_00502	0
PJMGPNPJ_00503	0
PJMGPNPJ_00504	0
PJMGPNPJ_00505	0
PJMGPNPJ_00506	0
PJMGPNPJ_00507	0
PJMGPNPJ_00508	0
PJMGPNPJ_00509	0
PJMGPNPJ_00510	0
PJMGPNPJ_00511	0
PJMGPNPJ_00512	0
PJMGPNPJ_00513	0
PJMGPNPJ_00514	0
PJMGPNPJ_00515	0
PJMGPNPJ_00516	0
PJMGPNPJ_00517	0
PJMGPNPJ_00518	0
PJMGPNPJ_00519	0
PJMGPNPJ_00520	0
PJMGPNPJ_00521	0
PJMGPNPJ_00522	0
PJMGPNPJ_00523	0
PJMGPNPJ_00524	0
PJMGPNPJ_00525	0
PJMGPNPJ_00526	0
PJMGPNPJ_00527	0
PJMGPNPJ_00528	0
PJMGPNPJ_00529	0
PJMGPNPJ_00530	0
PJMGPNPJ_00531	0
PJMGPNPJ_00532	0
PJMGPNPJ_00533	0
PJMGPNPJ_00534	0
PJMGPNPJ_00535	0
PJMGPNPJ_00536	0
PJMGPNPJ_00537	0
PJMGPNPJ_00538	0
PJMGPNPJ_00539	0
PJMGPNPJ_00540	0
PJMGPNPJ_00541	0
PJMGPNPJ_00542	0
PJMGPNPJ_00543	0
PJMGPNPJ_00544	0
PJMGPNPJ_00545	0
PJMGPNPJ_00546	0
PJMGPNPJ_00547	0
PJMGPNPJ_00548	0
PJMGPNPJ_00549	0
PJMGPNPJ_00550	0
PJMGPNPJ_00551	0
PJMGPNPJ_00552	0
PJMGPNPJ_00553	0
PJMGPNPJ_00554	0
PJMGPNPJ_00555	0
PJMGPNPJ_00556	0
PJMGPNPJ_00557	0
PJMGPNPJ_00558	0
PJMGPNPJ_00559	0
PJMGPNPJ_00560	0
PJMGPNPJ_00561	0
PJMGPNPJ_00562	0
PJMGPNPJ_00563	0
PJMGPNPJ_00564	0
PJMGPNPJ_00565	0
PJMGPNPJ_00566	0
PJMGPNPJ_00567	0
PJMGPNPJ_00568	0
PJMGPNPJ_00569	0
PJMGPNPJ_00570	0
PJMGPNPJ_00571	0
PJMGPNPJ_00572	0
PJMGPNPJ_00573	0
PJMGPNPJ_00574	0
PJMGPNPJ_00575	0
PJMGPNPJ_00576	0
PJMGPNPJ_00577	0
PJMGPNPJ_00578	0
PJMGPNPJ_00579	0
PJMGPNPJ_00580	0
PJMGPNPJ_00581	0
PJMGPNPJ_00582	0
PJMGPNPJ_00583	0
PJMGPNPJ_00584	0
PJMGPNPJ_00585	0
PJMGPNPJ_00586	0
PJMGPNPJ_00587	0
PJMGPNPJ_00588	0
PJMGPNPJ_00589	0
PJMGPNPJ_00590	0
PJMGPNPJ_00591	0
PJMGPNPJ_00592	0
PJMGPNPJ_00593	0
PJMGPNPJ_00594	0
PJMGPNPJ_00595	0
PJMGPNPJ_00596	0
PJMGPNPJ_00597	0
PJMGPNPJ_00598	0
PJMGPNPJ_00599	0
PJMGPNPJ_00600	0
PJMGPNPJ_00601	0
PJMGPNPJ_00602	0
PJMGPNPJ_00603	0
PJMGPNPJ_00604	0
PJMGPNPJ_00605	0
PJMGPNPJ_00606	0
PJMGPNPJ_00607	0
PJMGPNPJ_00608	0
PJMGPNPJ_00609	0
PJMGPNPJ_00610	0
PJMGPNPJ_00611	0
PJMGPNPJ_00612	0
PJMGPNPJ_00613	0
PJMGPNPJ_00614	0
PJMGPNPJ_00615	0
PJMGPNPJ_00616	0
PJMGPNPJ_00617	0
PJMGPNPJ_00618	0
PJMGPNPJ_00619	0
PJMGPNPJ_00620	0
PJMGPNPJ_00621	0
PJMGPNPJ_00622	0
PJMGPNPJ_00623	0
PJMGPNPJ_00624	0
PJMGPNPJ_00625	0
PJMGPNPJ_00626	0
PJMGPNPJ_00627	0
PJMGPNPJ_00628	0
PJMGPNPJ_00629	0
PJMGPNPJ_00630	0
PJMGPNPJ_00631	0
PJMGPNPJ_00632	0
PJMGPNPJ_00633	0
PJMGPNPJ_00634	0
PJMGPNPJ_00635	0
PJMGPNPJ_00636	0
PJMGPNPJ_00637	0
PJMGPNPJ_00638	0
PJMGPNPJ_00639	0
PJMGPNPJ_00640	0
PJMGPNPJ_00641	0
PJMGPNPJ_00642	0
PJMGPNPJ_00643	0
PJMGPNPJ_00644	0
PJMGPNPJ_00645	0
PJMGPNPJ_00646	0
PJMGPNPJ_00647	0
PJMGPNPJ_00648	0
PJMGPNPJ_00649	0
PJMGPNPJ_00650	0
PJMGPNPJ_00651	0
PJMGPNPJ_00652	0
PJMGPNPJ_00653	0
PJMGPNPJ_00654	0
PJMGPNPJ_00655	0
PJMGPNPJ_00656	0
PJMGPNPJ_00657	0
PJMGPNPJ_00658	0
PJMGPNPJ_00659	0
PJMGPNPJ_00660	0
PJMGPNPJ_00661	0
PJMGPNPJ_00662	0
PJMGPNPJ_00663	0
PJMGPNPJ_00664	0
PJMGPNPJ_00665	0
PJMGPNPJ_00666	0
PJMGPNPJ_00667	0
PJMGPNPJ_00668	0
PJMGPNPJ_00669	0
PJMGPNPJ_00670	0
PJMGPNPJ_00671	0
PJMGPNPJ_00672	0
PJMGPNPJ_00673	0
PJMGPNPJ_00674	0
PJMGPNPJ_00675	0
PJMGPNPJ_00676	0
PJMGPNPJ_00677	0
PJMGPNPJ_00678	0
PJMGPNPJ_00679	0
PJMGPNPJ_00680	0
PJMGPNPJ_00681	0
PJMGPNPJ_00682	0
PJMGPNPJ_00683	0
PJMGPNPJ_00684	0
PJMGPNPJ_00685	0
PJMGPNPJ_00686	0
PJMGPNPJ_00687	0
PJMGPNPJ_00688	0
PJMGPNPJ_00689	0
PJMGPNPJ_00690	0
PJMGPNPJ_00691	0
PJMGPNPJ_00692	0
PJMGPNPJ_00693	0
PJMGPNPJ_00694	0
PJMGPNPJ_00695	0
PJMGPNPJ_00696	0
PJMGPNPJ_00697	0
PJMGPNPJ_00698	0
PJMGPNPJ_00699	0
PJMGPNPJ_00700	0
PJMGPNPJ_00701	0
PJMGPNPJ_00702	0
PJMGPNPJ_00703	0
PJMGPNPJ_00704	0
PJMGPNPJ_00705	0
PJMGPNPJ_00706	0
PJMGPNPJ_00707	0
PJMGPNPJ_00708	0
PJMGPNPJ_00709	0
PJMGPNPJ_00710	0
PJMGPNPJ_00711	0
PJMGPNPJ_00712	0
PJMGPNPJ_00713	0
PJMGPNPJ_00714	0
PJMGPNPJ_00715	0
PJMGPNPJ_00716	0
PJMGPNPJ_00717	0
PJMGPNPJ_00718	0
PJMGPNPJ_00719	0
PJMGPNPJ_00720	0
PJMGPNPJ_00721	0
PJMGPNPJ_00722	0
PJMGPNPJ_00723	0
PJMGPNPJ_00724	0
PJMGPNPJ_00725	0
PJMGPNPJ_00726	0
PJMGPNPJ_00727	0
PJMGPNPJ_00728	0
PJMGPNPJ_00729	0
PJMGPNPJ_00730	0
PJMGPNPJ_00731	0
PJMGPNPJ_00732	0
PJMGPNPJ_00733	0
PJMGPNPJ_00734	0
PJMGPNPJ_00735	0
PJMGPNPJ_00736	0
PJMGPNPJ_00737	0
PJMGPNPJ_00738	0
PJMGPNPJ_00739	0
PJMGPNPJ_00740	0
PJMGPNPJ_00741	0
PJMGPNPJ_00742	0
PJMGPNPJ_00743	0
PJMGPNPJ_00744	0
PJMGPNPJ_00745	0
PJMGPNPJ_00746	0
PJMGPNPJ_00747	0
PJMGPNPJ_00748	0
PJMGPNPJ_00749	0
PJMGPNPJ_00750	0
PJMGPNPJ_00751	0
PJMGPNPJ_00752	0
PJMGPNPJ_00753	0
PJMGPNPJ_00754	0
PJMGPNPJ_00755	0
PJMGPNPJ_00756	0
PJMGPNPJ_00757	0
PJMGPNPJ_00758	0
PJMGPNPJ_00759	0
PJMGPNPJ_00760	0
PJMGPNPJ_00761	0
PJMGPNPJ_00762	0
PJMGPNPJ_00763	0
PJMGPNPJ_00764	0
PJMGPNPJ_00765	0
PJMGPNPJ_00766	0
PJMGPNPJ_00767	0
PJMGPNPJ_00768	0
PJMGPNPJ_00769	0
PJMGPNPJ_00770	0
PJMGPNPJ_00771	0
PJMGPNPJ_00772	0
PJMGPNPJ_00773	0
PJMGPNPJ_00774	0
PJMGPNPJ_00776	0
PJMGPNPJ_00777	0
PJMGPNPJ_00778	0
PJMGPNPJ_00779	0
PJMGPNPJ_00780	0
PJMGPNPJ_00781	0
PJMGPNPJ_00782	0
PJMGPNPJ_00783	0
PJMGPNPJ_00784	0
PJMGPNPJ_00785	0
PJMGPNPJ_00786	0
PJMGPNPJ_00787	0
PJMGPNPJ_00788	0
PJMGPNPJ_00789	0
PJMGPNPJ_00790	0
PJMGPNPJ_00791	0
PJMGPNPJ_00792	0
PJMGPNPJ_00793	0
PJMGPNPJ_00794	0
PJMGPNPJ_00795	0
PJMGPNPJ_00796	0
PJMGPNPJ_00797	0
PJMGPNPJ_00798	0
PJMGPNPJ_00799	0
PJMGPNPJ_00800	0
PJMGPNPJ_00801	0
PJMGPNPJ_00802	0
PJMGPNPJ_00803	0
PJMGPNPJ_00804	0
PJMGPNPJ_00805	0
PJMGPNPJ_00806	0
PJMGPNPJ_00807	0
PJMGPNPJ_00808	0
PJMGPNPJ_00809	0
PJMGPNPJ_00810	0
PJMGPNPJ_00811	0
PJMGPNPJ_00812	0
PJMGPNPJ_00813	0
PJMGPNPJ_00814	0
PJMGPNPJ_00815	0
PJMGPNPJ_00816	0
PJMGPNPJ_00817	0
PJMGPNPJ_00818	0
PJMGPNPJ_00819	0
PJMGPNPJ_00820	0
PJMGPNPJ_00821	0
PJMGPNPJ_00822	0
PJMGPNPJ_00823	0
PJMGPNPJ_00824	0
PJMGPNPJ_00825	0
PJMGPNPJ_00826	0
PJMGPNPJ_00827	0
PJMGPNPJ_00828	0
PJMGPNPJ_00829	0
PJMGPNPJ_00830	0
PJMGPNPJ_00831	0
PJMGPNPJ_00832	0
PJMGPNPJ_00833	0
PJMGPNPJ_00834	0
PJMGPNPJ_00835	0
PJMGPNPJ_00836	0
PJMGPNPJ_00837	0
PJMGPNPJ_00838	0
PJMGPNPJ_00839	0
PJMGPNPJ_00840	0
PJMGPNPJ_00841	0
PJMGPNPJ_00842	0
PJMGPNPJ_00843	0
PJMGPNPJ_00844	0
PJMGPNPJ_00845	0
PJMGPNPJ_00846	0
PJMGPNPJ_00847	0
PJMGPNPJ_00848	0
PJMGPNPJ_00849	0
PJMGPNPJ_00850	0
PJMGPNPJ_00851	0
PJMGPNPJ_00852	0
PJMGPNPJ_00853	0
PJMGPNPJ_00854	0
PJMGPNPJ_00855	0
PJMGPNPJ_00856	0
PJMGPNPJ_00857	0
PJMGPNPJ_00858	0
PJMGPNPJ_00859	0
PJMGPNPJ_00860	0
PJMGPNPJ_00861	0
PJMGPNPJ_00862	0
PJMGPNPJ_00863	0
PJMGPNPJ_00864	0
PJMGPNPJ_00865	0
PJMGPNPJ_00866	0
PJMGPNPJ_00867	0
PJMGPNPJ_00868	0
PJMGPNPJ_00869	0
PJMGPNPJ_00870	0
PJMGPNPJ_00871	0
PJMGPNPJ_00872	0
PJMGPNPJ_00873	0
PJMGPNPJ_00874	0
PJMGPNPJ_00875	0
PJMGPNPJ_00876	0
PJMGPNPJ_00877	0
PJMGPNPJ_00878	0
PJMGPNPJ_00879	0
PJMGPNPJ_00880	0
PJMGPNPJ_00881	0
PJMGPNPJ_00882	0
PJMGPNPJ_00883	0
PJMGPNPJ_00884	0
PJMGPNPJ_00885	0
PJMGPNPJ_00886	0
PJMGPNPJ_00887	0
PJMGPNPJ_00888	0
PJMGPNPJ_00889	0
PJMGPNPJ_00890	0
PJMGPNPJ_00891	0
PJMGPNPJ_00892	0
PJMGPNPJ_00893	0
PJMGPNPJ_00894	0
PJMGPNPJ_00895	0
PJMGPNPJ_00896	0
PJMGPNPJ_00897	0
PJMGPNPJ_00898	0
PJMGPNPJ_00899	0
PJMGPNPJ_00900	0
PJMGPNPJ_00901	0
PJMGPNPJ_00902	0
PJMGPNPJ_00903	0
PJMGPNPJ_00904	0
PJMGPNPJ_00905	0
PJMGPNPJ_00906	0
PJMGPNPJ_00907	0
PJMGPNPJ_00908	0
PJMGPNPJ_00909	0
PJMGPNPJ_00910	0
PJMGPNPJ_00911	0
PJMGPNPJ_00912	0
PJMGPNPJ_00913	0
PJMGPNPJ_00914	0
PJMGPNPJ_00915	0
PJMGPNPJ_00916	0
PJMGPNPJ_00917	0
PJMGPNPJ_00918	0
PJMGPNPJ_00919	0
PJMGPNPJ_00920	0
PJMGPNPJ_00921	0
PJMGPNPJ_00922	0
PJMGPNPJ_00923	0
PJMGPNPJ_00924	0
PJMGPNPJ_00925	0
PJMGPNPJ_00926	0
PJMGPNPJ_00927	0
PJMGPNPJ_00928	0
PJMGPNPJ_00929	0
PJMGPNPJ_00930	0
PJMGPNPJ_00931	0
PJMGPNPJ_00932	0
PJMGPNPJ_00933	0
PJMGPNPJ_00934	0
PJMGPNPJ_00935	0
PJMGPNPJ_00936	0
PJMGPNPJ_00937	0
PJMGPNPJ_00938	0
PJMGPNPJ_00939	0
PJMGPNPJ_00940	0
PJMGPNPJ_00941	0
PJMGPNPJ_00942	0
PJMGPNPJ_00943	0
PJMGPNPJ_00944	0
PJMGPNPJ_00945	0
PJMGPNPJ_00946	0
PJMGPNPJ_00947	0
PJMGPNPJ_00948	0
PJMGPNPJ_00949	0
PJMGPNPJ_00950	0
PJMGPNPJ_00951	0
PJMGPNPJ_00952	0
PJMGPNPJ_00953	0
PJMGPNPJ_00954	0
PJMGPNPJ_00955	0
PJMGPNPJ_00956	0
PJMGPNPJ_00957	0
PJMGPNPJ_00958	0
PJMGPNPJ_00959	0
PJMGPNPJ_00960	0
PJMGPNPJ_00961	0
PJMGPNPJ_00962	0
PJMGPNPJ_00963	0
PJMGPNPJ_00964	0
PJMGPNPJ_00965	0
PJMGPNPJ_00966	0
PJMGPNPJ_00967	0
PJMGPNPJ_00968	0
PJMGPNPJ_00969	0
PJMGPNPJ_00970	0
PJMGPNPJ_00971	0
PJMGPNPJ_00972	0
PJMGPNPJ_00973	0
PJMGPNPJ_00974	0
PJMGPNPJ_00975	0
PJMGPNPJ_00976	0
PJMGPNPJ_00977	0
PJMGPNPJ_00978	0
PJMGPNPJ_00979	0
PJMGPNPJ_00980	0
PJMGPNPJ_00981	0
PJMGPNPJ_00982	0
PJMGPNPJ_00983	0
PJMGPNPJ_00984	0
PJMGPNPJ_00985	0
PJMGPNPJ_00986	0
PJMGPNPJ_00987	0
PJMGPNPJ_00990	0
PJMGPNPJ_00991	0
PJMGPNPJ_00992	0
PJMGPNPJ_00993	0
PJMGPNPJ_00994	0
PJMGPNPJ_00995	0
PJMGPNPJ_00996	0
PJMGPNPJ_00997	0
PJMGPNPJ_00998	0
PJMGPNPJ_00999	0
PJMGPNPJ_01000	0
PJMGPNPJ_01001	0
PJMGPNPJ_01002	0
PJMGPNPJ_01003	0
PJMGPNPJ_01004	0
PJMGPNPJ_01005	0
PJMGPNPJ_01006	0
PJMGPNPJ_01007	0
PJMGPNPJ_01008	0
PJMGPNPJ_01009	0
PJMGPNPJ_01010	0
PJMGPNPJ_01011	0
PJMGPNPJ_01012	0
PJMGPNPJ_01013	0
PJMGPNPJ_01014	0
PJMGPNPJ_01015	0
PJMGPNPJ_01016	0
PJMGPNPJ_01017	0
PJMGPNPJ_01018	0
PJMGPNPJ_01019	0
PJMGPNPJ_01020	0
PJMGPNPJ_01021	0
PJMGPNPJ_01022	0
PJMGPNPJ_01023	0
PJMGPNPJ_01024	0
PJMGPNPJ_01025	0
PJMGPNPJ_01026	0
PJMGPNPJ_01027	0
PJMGPNPJ_01028	0
PJMGPNPJ_01029	0
PJMGPNPJ_01030	0
PJMGPNPJ_01031	0
PJMGPNPJ_01032	0
PJMGPNPJ_01033	0
PJMGPNPJ_01034	0
PJMGPNPJ_01035	0
PJMGPNPJ_01036	0
PJMGPNPJ_01037	0
PJMGPNPJ_01038	0
PJMGPNPJ_01039	0
PJMGPNPJ_01040	0
PJMGPNPJ_01041	0
PJMGPNPJ_01042	0
PJMGPNPJ_01043	0
PJMGPNPJ_01044	0
PJMGPNPJ_01045	0
PJMGPNPJ_01046	0
PJMGPNPJ_01047	0
PJMGPNPJ_01048	0
PJMGPNPJ_01049	0
PJMGPNPJ_01050	0
PJMGPNPJ_01051	0
PJMGPNPJ_01052	0
PJMGPNPJ_01053	0
PJMGPNPJ_01054	0
PJMGPNPJ_01055	0
PJMGPNPJ_01056	0
PJMGPNPJ_01057	0
PJMGPNPJ_01058	0
PJMGPNPJ_01059	0
PJMGPNPJ_01060	0
PJMGPNPJ_01061	0
PJMGPNPJ_01062	0
PJMGPNPJ_01063	0
PJMGPNPJ_01064	0
PJMGPNPJ_01065	0
PJMGPNPJ_01066	0
PJMGPNPJ_01067	0
PJMGPNPJ_01068	0
PJMGPNPJ_01069	0
PJMGPNPJ_01070	0
PJMGPNPJ_01071	0
PJMGPNPJ_01072	0
PJMGPNPJ_01073	0
PJMGPNPJ_01074	0
PJMGPNPJ_01075	0
PJMGPNPJ_01076	0
PJMGPNPJ_01077	0
PJMGPNPJ_01078	0
PJMGPNPJ_01079	0
PJMGPNPJ_01080	0
PJMGPNPJ_01081	0
PJMGPNPJ_01082	0
PJMGPNPJ_01083	0
PJMGPNPJ_01084	0
PJMGPNPJ_01085	0
PJMGPNPJ_01086	0
PJMGPNPJ_01087	0
PJMGPNPJ_01088	0
PJMGPNPJ_01089	0
PJMGPNPJ_01090	0
PJMGPNPJ_01091	0
PJMGPNPJ_01092	0
PJMGPNPJ_01093	0
PJMGPNPJ_01094	0
PJMGPNPJ_01095	0
PJMGPNPJ_01096	0
PJMGPNPJ_01097	0
PJMGPNPJ_01098	0
PJMGPNPJ_01099	0
PJMGPNPJ_01100	0
PJMGPNPJ_01101	0
PJMGPNPJ_01102	0
PJMGPNPJ_01103	0
PJMGPNPJ_01104	0
PJMGPNPJ_01105	0
PJMGPNPJ_01106	0
PJMGPNPJ_01107	0
PJMGPNPJ_01109	0
PJMGPNPJ_01110	0
PJMGPNPJ_01111	0
PJMGPNPJ_01112	0
PJMGPNPJ_01113	0
PJMGPNPJ_01114	0
PJMGPNPJ_01115	0
PJMGPNPJ_01116	0
PJMGPNPJ_01117	0
PJMGPNPJ_01118	0
PJMGPNPJ_01119	0
PJMGPNPJ_01120	0
PJMGPNPJ_01121	0
PJMGPNPJ_01122	0
PJMGPNPJ_01123	0
PJMGPNPJ_01124	0
PJMGPNPJ_01125	0
PJMGPNPJ_01126	0
PJMGPNPJ_01127	0
PJMGPNPJ_01128	0
PJMGPNPJ_01129	0
PJMGPNPJ_01130	0
PJMGPNPJ_01131	0
PJMGPNPJ_01132	0
PJMGPNPJ_01133	0
PJMGPNPJ_01134	0
PJMGPNPJ_01135	0
PJMGPNPJ_01136	0
PJMGPNPJ_01137	0
PJMGPNPJ_01138	0
PJMGPNPJ_01139	0
PJMGPNPJ_01140	0
PJMGPNPJ_01141	0
PJMGPNPJ_01142	0
PJMGPNPJ_01143	0
PJMGPNPJ_01144	0
PJMGPNPJ_01145	0
PJMGPNPJ_01146	0
PJMGPNPJ_01147	0
PJMGPNPJ_01148	0
PJMGPNPJ_01149	0
PJMGPNPJ_01150	0
PJMGPNPJ_01151	0
PJMGPNPJ_01152	0
PJMGPNPJ_01153	0
PJMGPNPJ_01154	0
PJMGPNPJ_01155	0
PJMGPNPJ_01156	0
PJMGPNPJ_01157	0
PJMGPNPJ_01158	0
PJMGPNPJ_01159	0
PJMGPNPJ_01160	0
PJMGPNPJ_01161	0
PJMGPNPJ_01162	0
PJMGPNPJ_01163	0
PJMGPNPJ_01164	0
PJMGPNPJ_01166	0
PJMGPNPJ_01167	0
PJMGPNPJ_01168	0
PJMGPNPJ_01169	0
PJMGPNPJ_01170	0
PJMGPNPJ_01171	0
PJMGPNPJ_01172	0
PJMGPNPJ_01173	0
PJMGPNPJ_01174	0
PJMGPNPJ_01175	0
PJMGPNPJ_01176	0
PJMGPNPJ_01177	0
PJMGPNPJ_01178	0
PJMGPNPJ_01179	0
PJMGPNPJ_01180	0
PJMGPNPJ_01181	0
PJMGPNPJ_01182	0
PJMGPNPJ_01183	0
PJMGPNPJ_01184	0
PJMGPNPJ_01185	0
PJMGPNPJ_01186	0
PJMGPNPJ_01187	0
PJMGPNPJ_01188	0
PJMGPNPJ_01189	0
PJMGPNPJ_01190	0
PJMGPNPJ_01191	0
PJMGPNPJ_01192	0
PJMGPNPJ_01193	0
PJMGPNPJ_01194	0
PJMGPNPJ_01195	0
PJMGPNPJ_01196	0
PJMGPNPJ_01197	0
PJMGPNPJ_01198	0
PJMGPNPJ_01199	0
PJMGPNPJ_01200	0
PJMGPNPJ_01201	0
PJMGPNPJ_01202	0
PJMGPNPJ_01203	0
PJMGPNPJ_01204	0
PJMGPNPJ_01205	0
PJMGPNPJ_01206	0
PJMGPNPJ_01207	0
PJMGPNPJ_01208	0
PJMGPNPJ_01209	0
PJMGPNPJ_01210	0
PJMGPNPJ_01211	0
PJMGPNPJ_01212	0
PJMGPNPJ_01213	0
PJMGPNPJ_01214	0
PJMGPNPJ_01215	0
PJMGPNPJ_01216	0
PJMGPNPJ_01217	0
PJMGPNPJ_01218	0
PJMGPNPJ_01219	0
PJMGPNPJ_01220	0
PJMGPNPJ_01221	0
PJMGPNPJ_01222	0
PJMGPNPJ_01223	0
PJMGPNPJ_01224	0
PJMGPNPJ_01225	0
PJMGPNPJ_01226	0
PJMGPNPJ_01227	0
PJMGPNPJ_01228	0
PJMGPNPJ_01229	0
PJMGPNPJ_01230	0
PJMGPNPJ_01231	0
PJMGPNPJ_01232	0
PJMGPNPJ_01233	0
PJMGPNPJ_01234	0
PJMGPNPJ_01235	0
PJMGPNPJ_01236	0
PJMGPNPJ_01237	0
PJMGPNPJ_01238	0
PJMGPNPJ_01239	0
PJMGPNPJ_01240	0
PJMGPNPJ_01241	0
PJMGPNPJ_01242	0
PJMGPNPJ_01243	0
PJMGPNPJ_01244	0
PJMGPNPJ_01245	0
PJMGPNPJ_01246	0
PJMGPNPJ_01247	0
PJMGPNPJ_01248	0
PJMGPNPJ_01249	0
PJMGPNPJ_01250	0
PJMGPNPJ_01251	0
PJMGPNPJ_01252	0
PJMGPNPJ_01253	0
PJMGPNPJ_01254	0
PJMGPNPJ_01255	0
PJMGPNPJ_01256	0
PJMGPNPJ_01257	0
PJMGPNPJ_01258	0
PJMGPNPJ_01259	0
PJMGPNPJ_01260	0
PJMGPNPJ_01261	0
PJMGPNPJ_01262	0
PJMGPNPJ_01263	0
PJMGPNPJ_01264	0
PJMGPNPJ_01265	0
PJMGPNPJ_01266	0
PJMGPNPJ_01267	0
PJMGPNPJ_01268	0
PJMGPNPJ_01269	0
PJMGPNPJ_01270	0
PJMGPNPJ_01271	0
PJMGPNPJ_01272	0
PJMGPNPJ_01273	0
PJMGPNPJ_01274	0
PJMGPNPJ_01275	0
PJMGPNPJ_01276	0
PJMGPNPJ_01277	0
PJMGPNPJ_01278	0
PJMGPNPJ_01279	0
PJMGPNPJ_01280	0
PJMGPNPJ_01281	0
PJMGPNPJ_01282	0
PJMGPNPJ_01283	0
PJMGPNPJ_01284	0
PJMGPNPJ_01285	0
PJMGPNPJ_01286	0
PJMGPNPJ_01287	0
PJMGPNPJ_01288	0
PJMGPNPJ_01289	0
PJMGPNPJ_01292	0
PJMGPNPJ_01293	0
PJMGPNPJ_01294	0
PJMGPNPJ_01295	0
PJMGPNPJ_01296	0
PJMGPNPJ_01297	0
PJMGPNPJ_01298	0
PJMGPNPJ_01299	0
PJMGPNPJ_01300	0
PJMGPNPJ_01301	0
PJMGPNPJ_01302	0
PJMGPNPJ_01303	0
PJMGPNPJ_01304	0
PJMGPNPJ_01305	0
PJMGPNPJ_01306	0
PJMGPNPJ_01307	0
PJMGPNPJ_01308	0
PJMGPNPJ_01309	0
PJMGPNPJ_01310	0
PJMGPNPJ_01311	0
PJMGPNPJ_01312	0
PJMGPNPJ_01313	0
PJMGPNPJ_01314	0
PJMGPNPJ_01315	0
PJMGPNPJ_01316	0
PJMGPNPJ_01317	0
PJMGPNPJ_01318	0
PJMGPNPJ_01319	0
PJMGPNPJ_01320	0
PJMGPNPJ_01321	0
PJMGPNPJ_01322	0
PJMGPNPJ_01323	0
PJMGPNPJ_01324	0
PJMGPNPJ_01325	0
PJMGPNPJ_01326	0
PJMGPNPJ_01327	0
PJMGPNPJ_01328	0
PJMGPNPJ_01329	0
PJMGPNPJ_01330	0
PJMGPNPJ_01331	0
PJMGPNPJ_01332	0
PJMGPNPJ_01333	0
PJMGPNPJ_01334	0
PJMGPNPJ_01335	0
PJMGPNPJ_01336	0
PJMGPNPJ_01337	0
PJMGPNPJ_01338	0
PJMGPNPJ_01339	0
PJMGPNPJ_01340	0
PJMGPNPJ_01341	0
PJMGPNPJ_01342	0
PJMGPNPJ_01343	0
PJMGPNPJ_01344	0
PJMGPNPJ_01345	0
PJMGPNPJ_01346	0
PJMGPNPJ_01347	0
PJMGPNPJ_01348	0
PJMGPNPJ_01349	0
PJMGPNPJ_01350	0
PJMGPNPJ_01351	0
PJMGPNPJ_01352	0
PJMGPNPJ_01353	0
PJMGPNPJ_01354	0
PJMGPNPJ_01355	0
PJMGPNPJ_01356	0
PJMGPNPJ_01357	0
PJMGPNPJ_01358	0
PJMGPNPJ_01359	0
PJMGPNPJ_01360	0
PJMGPNPJ_01361	0
PJMGPNPJ_01362	0
PJMGPNPJ_01363	0
PJMGPNPJ_01364	0
PJMGPNPJ_01365	0
PJMGPNPJ_01366	0
PJMGPNPJ_01367	0
PJMGPNPJ_01368	0
PJMGPNPJ_01369	0
PJMGPNPJ_01370	0
PJMGPNPJ_01371	0
PJMGPNPJ_01372	0
PJMGPNPJ_01373	0
PJMGPNPJ_01374	0
PJMGPNPJ_01375	0
PJMGPNPJ_01376	0
PJMGPNPJ_01377	266
PJMGPNPJ_01378	369
PJMGPNPJ_01379	103
PJMGPNPJ_01380	122
PJMGPNPJ_01381	54
PJMGPNPJ_01382	126
PJMGPNPJ_01383	340
PJMGPNPJ_01384	268
PJMGPNPJ_01385	432
PJMGPNPJ_01386	204
PJMGPNPJ_01387	77
PJMGPNPJ_01388	314
PJMGPNPJ_01389	13107
PJMGPNPJ_01390	147
PJMGPNPJ_01391	1786
PJMGPNPJ_01392	924
PJMGPNPJ_01393	4436
PJMGPNPJ_01394	17069
PJMGPNPJ_01395	14002
PJMGPNPJ_01396	668
PJMGPNPJ_01397	7772
PJMGPNPJ_01398	9979
PJMGPNPJ_01399	2859
PJMGPNPJ_01400	538
PJMGPNPJ_01401	1038
PJMGPNPJ_01402	2985
PJMGPNPJ_01403	51
PJMGPNPJ_01404	666
PJMGPNPJ_01405	8855
PJMGPNPJ_01406	42404
PJMGPNPJ_01407	4342
PJMGPNPJ_01408	2019
PJMGPNPJ_01409	34
PJMGPNPJ_01410	368
PJMGPNPJ_01411	6401
PJMGPNPJ_01412	3101
PJMGPNPJ_01413	8578
PJMGPNPJ_01414	869
PJMGPNPJ_01415	7863
PJMGPNPJ_01416	9108
PJMGPNPJ_01417	1387
PJMGPNPJ_01418	70681
PJMGPNPJ_01419	43884
PJMGPNPJ_01420	27
PJMGPNPJ_01421	0
PJMGPNPJ_01422	15
PJMGPNPJ_01423	3812
PJMGPNPJ_01424	71923
PJMGPNPJ_01425	38735
PJMGPNPJ_01426	16479
PJMGPNPJ_01427	53
PJMGPNPJ_01428	70
PJMGPNPJ_01429	711
PJMGPNPJ_01430	4170
PJMGPNPJ_01431	1275
PJMGPNPJ_01432	4966
PJMGPNPJ_01433	849
PJMGPNPJ_01434	31064
PJMGPNPJ_01435	99
PJMGPNPJ_01436	482
PJMGPNPJ_01437	1862
PJMGPNPJ_01438	135
PJMGPNPJ_01439	247
PJMGPNPJ_01440	146
PJMGPNPJ_01441	723
PJMGPNPJ_01442	233
PJMGPNPJ_01443	251
PJMGPNPJ_01444	320
PJMGPNPJ_01445	43
PJMGPNPJ_01446	48
PJMGPNPJ_01447	11
PJMGPNPJ_01448	2682
PJMGPNPJ_01449	334
PJMGPNPJ_01450	0
PJMGPNPJ_01451	0
PJMGPNPJ_01452	0
PJMGPNPJ_01453	0
PJMGPNPJ_01454	0
PJMGPNPJ_01455	0
PJMGPNPJ_01456	0
PJMGPNPJ_01457	0
PJMGPNPJ_01458	0
PJMGPNPJ_01459	0
PJMGPNPJ_01460	0
PJMGPNPJ_01461	0
PJMGPNPJ_01462	0
PJMGPNPJ_01463	0
PJMGPNPJ_01464	0
PJMGPNPJ_01465	0
PJMGPNPJ_01466	0
PJMGPNPJ_01467	0
PJMGPNPJ_01468	0
PJMGPNPJ_01469	0
PJMGPNPJ_01470	0
PJMGPNPJ_01471	0
PJMGPNPJ_01472	0
PJMGPNPJ_01473	0
PJMGPNPJ_01474	0
PJMGPNPJ_01475	0
PJMGPNPJ_01476	0
PJMGPNPJ_01477	0
PJMGPNPJ_01478	0
PJMGPNPJ_01479	0
PJMGPNPJ_01480	0
PJMGPNPJ_01481	0
PJMGPNPJ_01482	0
PJMGPNPJ_01483	0
PJMGPNPJ_01484	0
PJMGPNPJ_01485	0
PJMGPNPJ_01486	0
PJMGPNPJ_01487	0
PJMGPNPJ_01488	0
PJMGPNPJ_01489	0
PJMGPNPJ_01490	0
PJMGPNPJ_01491	0
PJMGPNPJ_01492	0
PJMGPNPJ_01493	0
PJMGPNPJ_01494	0
PJMGPNPJ_01495	0
PJMGPNPJ_01496	0
PJMGPNPJ_01497	0
PJMGPNPJ_01498	0
PJMGPNPJ_01499	0
PJMGPNPJ_01500	0
PJMGPNPJ_01501	0
PJMGPNPJ_01502	0
PJMGPNPJ_01503	0
PJMGPNPJ_01504	0
PJMGPNPJ_01505	0
PJMGPNPJ_01506	0
PJMGPNPJ_01507	0
PJMGPNPJ_01508	0
PJMGPNPJ_01509	0
PJMGPNPJ_01510	0
PJMGPNPJ_01511	0
PJMGPNPJ_01512	0
PJMGPNPJ_01513	0
PJMGPNPJ_01514	0
PJMGPNPJ_01515	0
PJMGPNPJ_01516	0
PJMGPNPJ_01517	0
PJMGPNPJ_01518	0
PJMGPNPJ_01519	0
PJMGPNPJ_01520	0
PJMGPNPJ_01521	0
PJMGPNPJ_01522	0
PJMGPNPJ_01523	0
PJMGPNPJ_01524	0
PJMGPNPJ_01525	0
PJMGPNPJ_01526	0
PJMGPNPJ_01527	0
PJMGPNPJ_01528	0
PJMGPNPJ_01529	0
PJMGPNPJ_01530	0
PJMGPNPJ_01531	0
PJMGPNPJ_01532	0
PJMGPNPJ_01533	0
PJMGPNPJ_01534	0
PJMGPNPJ_01535	0
PJMGPNPJ_01536	0
PJMGPNPJ_01537	0
PJMGPNPJ_01538	0
PJMGPNPJ_01539	0
PJMGPNPJ_01540	0
PJMGPNPJ_01541	0
PJMGPNPJ_01542	0
PJMGPNPJ_01543	0
PJMGPNPJ_01544	0
PJMGPNPJ_01545	0
PJMGPNPJ_01546	0
PJMGPNPJ_01547	0
PJMGPNPJ_01548	0
PJMGPNPJ_01549	0
PJMGPNPJ_01550	0
PJMGPNPJ_01551	0
PJMGPNPJ_01552	0
PJMGPNPJ_01553	0
PJMGPNPJ_01554	0
PJMGPNPJ_01555	0
PJMGPNPJ_01556	0
PJMGPNPJ_01557	0
PJMGPNPJ_01558	0
PJMGPNPJ_01559	0
PJMGPNPJ_01560	0
PJMGPNPJ_01561	0
PJMGPNPJ_01562	0
PJMGPNPJ_01563	0
PJMGPNPJ_01564	0
PJMGPNPJ_01565	0
PJMGPNPJ_01566	0
PJMGPNPJ_01567	0
PJMGPNPJ_01568	0
PJMGPNPJ_01569	0
PJMGPNPJ_01570	0
PJMGPNPJ_01571	0
PJMGPNPJ_01572	0
PJMGPNPJ_01573	0
PJMGPNPJ_01574	0
PJMGPNPJ_01575	0
PJMGPNPJ_01576	0
PJMGPNPJ_01577	0
PJMGPNPJ_01578	0
PJMGPNPJ_01579	0
PJMGPNPJ_01580	0
PJMGPNPJ_01581	0
PJMGPNPJ_01582	0
PJMGPNPJ_01583	0
PJMGPNPJ_01584	0
PJMGPNPJ_01585	0
PJMGPNPJ_01586	0
PJMGPNPJ_01587	0
PJMGPNPJ_01588	0
PJMGPNPJ_01589	0
PJMGPNPJ_01590	0
PJMGPNPJ_01591	0
PJMGPNPJ_01592	0
PJMGPNPJ_01593	0
PJMGPNPJ_01594	0
PJMGPNPJ_01595	0
PJMGPNPJ_01596	0
PJMGPNPJ_01597	0
PJMGPNPJ_01598	0
PJMGPNPJ_01599	0
PJMGPNPJ_01600	0
PJMGPNPJ_01601	0
PJMGPNPJ_01602	0
PJMGPNPJ_01603	0
PJMGPNPJ_01604	0
PJMGPNPJ_01605	0
PJMGPNPJ_01606	0
PJMGPNPJ_01607	0
PJMGPNPJ_01608	0
PJMGPNPJ_01609	0
PJMGPNPJ_01610	0
PJMGPNPJ_01611	0
PJMGPNPJ_01612	0
PJMGPNPJ_01613	0
PJMGPNPJ_01614	0
PJMGPNPJ_01615	0
PJMGPNPJ_01617	0
PJMGPNPJ_01618	0
PJMGPNPJ_01619	0
PJMGPNPJ_01620	0
PJMGPNPJ_01621	0
PJMGPNPJ_01622	0
PJMGPNPJ_01623	0
PJMGPNPJ_01624	0
PJMGPNPJ_01625	0
PJMGPNPJ_01626	0
PJMGPNPJ_01627	0
PJMGPNPJ_01628	0
PJMGPNPJ_01629	0
PJMGPNPJ_01630	0
PJMGPNPJ_01631	0
PJMGPNPJ_01632	0
PJMGPNPJ_01633	0
PJMGPNPJ_01634	0
PJMGPNPJ_01635	0
PJMGPNPJ_01636	0
PJMGPNPJ_01637	0
PJMGPNPJ_01638	0
PJMGPNPJ_01639	0
PJMGPNPJ_01640	0
PJMGPNPJ_01641	0
PJMGPNPJ_01642	0
PJMGPNPJ_01643	0
PJMGPNPJ_01644	0
PJMGPNPJ_01645	0
PJMGPNPJ_01646	0
PJMGPNPJ_01647	0
PJMGPNPJ_01648	0
PJMGPNPJ_01649	0
PJMGPNPJ_01650	0
PJMGPNPJ_01651	0
PJMGPNPJ_01652	0
PJMGPNPJ_01653	0
PJMGPNPJ_01654	0
PJMGPNPJ_01655	0
PJMGPNPJ_01656	0
PJMGPNPJ_01657	0
PJMGPNPJ_01658	0
PJMGPNPJ_01659	0
PJMGPNPJ_01660	0
PJMGPNPJ_01661	0
PJMGPNPJ_01662	0
PJMGPNPJ_01663	0
PJMGPNPJ_01664	0
PJMGPNPJ_01666	0
PJMGPNPJ_01667	0
PJMGPNPJ_01668	0
PJMGPNPJ_01669	0
PJMGPNPJ_01670	0
PJMGPNPJ_01671	0
PJMGPNPJ_01672	0
PJMGPNPJ_01673	0
PJMGPNPJ_01674	0
PJMGPNPJ_01675	0
PJMGPNPJ_01676	0
PJMGPNPJ_01677	0
PJMGPNPJ_01678	0
PJMGPNPJ_01679	0
PJMGPNPJ_01680	0
PJMGPNPJ_01681	0
PJMGPNPJ_01682	0
PJMGPNPJ_01683	0
PJMGPNPJ_01684	0
PJMGPNPJ_01685	0
PJMGPNPJ_01686	0
PJMGPNPJ_01687	0
PJMGPNPJ_01688	0
PJMGPNPJ_01689	0
PJMGPNPJ_01690	0
PJMGPNPJ_01691	0
PJMGPNPJ_01692	0
PJMGPNPJ_01693	0
PJMGPNPJ_01694	0
PJMGPNPJ_01695	0
PJMGPNPJ_01696	0
PJMGPNPJ_01697	0
PJMGPNPJ_01698	0
PJMGPNPJ_01699	0
PJMGPNPJ_01700	0
PJMGPNPJ_01701	0
PJMGPNPJ_01702	0
PJMGPNPJ_01703	0
PJMGPNPJ_01704	0
PJMGPNPJ_01705	0
PJMGPNPJ_01706	0
PJMGPNPJ_01707	0
PJMGPNPJ_01708	0
PJMGPNPJ_01709	0
PJMGPNPJ_01710	0
PJMGPNPJ_01711	0
PJMGPNPJ_01712	0
PJMGPNPJ_01713	0
PJMGPNPJ_01714	0
PJMGPNPJ_01715	0
PJMGPNPJ_01716	0
PJMGPNPJ_01717	0
PJMGPNPJ_01718	0
PJMGPNPJ_01719	0
PJMGPNPJ_01720	0
PJMGPNPJ_01721	0
PJMGPNPJ_01722	0
PJMGPNPJ_01723	0
PJMGPNPJ_01724	0
PJMGPNPJ_01725	0
PJMGPNPJ_01726	0
PJMGPNPJ_01727	0
PJMGPNPJ_01728	0
PJMGPNPJ_01729	0
PJMGPNPJ_01730	0
PJMGPNPJ_01731	0
PJMGPNPJ_01732	0
PJMGPNPJ_01733	0
PJMGPNPJ_01734	0
PJMGPNPJ_01735	0
PJMGPNPJ_01736	0
PJMGPNPJ_01737	0
PJMGPNPJ_01738	0
PJMGPNPJ_01739	0
PJMGPNPJ_01740	0
PJMGPNPJ_01741	0
PJMGPNPJ_01742	0
PJMGPNPJ_01743	0
PJMGPNPJ_01744	0
PJMGPNPJ_01745	0
PJMGPNPJ_01746	0
PJMGPNPJ_01747	0
PJMGPNPJ_01748	0
PJMGPNPJ_01749	0
PJMGPNPJ_01750	0
PJMGPNPJ_01751	0
PJMGPNPJ_01752	0
PJMGPNPJ_01753	0
PJMGPNPJ_01754	0
PJMGPNPJ_01755	0
PJMGPNPJ_01756	0
PJMGPNPJ_01757	0
PJMGPNPJ_01758	0
PJMGPNPJ_01759	0
PJMGPNPJ_01760	0
PJMGPNPJ_01761	0
PJMGPNPJ_01762	0
PJMGPNPJ_01763	0
PJMGPNPJ_01764	0
PJMGPNPJ_01765	0
PJMGPNPJ_01766	0
PJMGPNPJ_01767	0
PJMGPNPJ_01768	0
PJMGPNPJ_01769	0
PJMGPNPJ_01770	0
PJMGPNPJ_01771	0
PJMGPNPJ_01772	0
PJMGPNPJ_01773	0
PJMGPNPJ_01774	0
PJMGPNPJ_01775	0
PJMGPNPJ_01776	0
PJMGPNPJ_01777	0
PJMGPNPJ_01778	0
PJMGPNPJ_01779	0
PJMGPNPJ_01780	0
PJMGPNPJ_01781	0
PJMGPNPJ_01782	0
PJMGPNPJ_01783	0
PJMGPNPJ_01784	0
PJMGPNPJ_01785	0
PJMGPNPJ_01786	0
PJMGPNPJ_01787	0
PJMGPNPJ_01788	0
PJMGPNPJ_01789	0
PJMGPNPJ_01790	0
PJMGPNPJ_01791	0
PJMGPNPJ_01792	0
PJMGPNPJ_01793	0
PJMGPNPJ_01794	0
PJMGPNPJ_01795	0
PJMGPNPJ_01796	0
PJMGPNPJ_01797	0
PJMGPNPJ_01798	0
PJMGPNPJ_01799	0
PJMGPNPJ_01800	0
PJMGPNPJ_01801	0
PJMGPNPJ_01802	0
PJMGPNPJ_01803	0
PJMGPNPJ_01804	0
PJMGPNPJ_01805	0
PJMGPNPJ_01806	0
PJMGPNPJ_01807	0
PJMGPNPJ_01808	0
PJMGPNPJ_01809	0
PJMGPNPJ_01810	0
PJMGPNPJ_01811	0
PJMGPNPJ_01812	0
PJMGPNPJ_01813	0
PJMGPNPJ_01814	0
PJMGPNPJ_01815	0
PJMGPNPJ_01817	0
PJMGPNPJ_01818	0
PJMGPNPJ_01819	0
PJMGPNPJ_01820	0
PJMGPNPJ_01821	0
PJMGPNPJ_01822	0
PJMGPNPJ_01823	0
PJMGPNPJ_01824	0
PJMGPNPJ_01825	0
PJMGPNPJ_01826	0
PJMGPNPJ_01827	0
PJMGPNPJ_01828	0
PJMGPNPJ_01829	0
PJMGPNPJ_01830	0
PJMGPNPJ_01831	0
PJMGPNPJ_01832	0
PJMGPNPJ_01833	0
PJMGPNPJ_01834	0
PJMGPNPJ_01835	0
PJMGPNPJ_01836	0
PJMGPNPJ_01837	0
PJMGPNPJ_01838	0
PJMGPNPJ_01839	0
PJMGPNPJ_01840	0
PJMGPNPJ_01841	0
PJMGPNPJ_01842	0
PJMGPNPJ_01843	0
PJMGPNPJ_01844	0
PJMGPNPJ_01845	0
PJMGPNPJ_01846	0
PJMGPNPJ_01847	0
PJMGPNPJ_01848	0
PJMGPNPJ_01849	0
PJMGPNPJ_01850	0
PJMGPNPJ_01851	0
PJMGPNPJ_01852	0
PJMGPNPJ_01853	0
PJMGPNPJ_01854	0
PJMGPNPJ_01855	0
PJMGPNPJ_01856	0
PJMGPNPJ_01857	0
PJMGPNPJ_01858	0
PJMGPNPJ_01859	0
PJMGPNPJ_01860	0
PJMGPNPJ_01861	0
PJMGPNPJ_01862	0
PJMGPNPJ_01863	0
PJMGPNPJ_01864	0
PJMGPNPJ_01865	0
PJMGPNPJ_01866	0
PJMGPNPJ_01867	0
PJMGPNPJ_01868	0
PJMGPNPJ_01869	0
PJMGPNPJ_01870	0
PJMGPNPJ_01871	0
PJMGPNPJ_01872	0
PJMGPNPJ_01873	0
PJMGPNPJ_01874	0
PJMGPNPJ_01875	0
PJMGPNPJ_01876	0
PJMGPNPJ_01877	0
PJMGPNPJ_01878	0
PJMGPNPJ_01879	0
PJMGPNPJ_01880	0
PJMGPNPJ_01881	0
PJMGPNPJ_01882	0
PJMGPNPJ_01883	0
PJMGPNPJ_01884	0
PJMGPNPJ_01885	0
PJMGPNPJ_01886	0
PJMGPNPJ_01887	0
PJMGPNPJ_01888	0
PJMGPNPJ_01889	0
PJMGPNPJ_01890	0
PJMGPNPJ_01891	0
PJMGPNPJ_01892	0
PJMGPNPJ_01893	0
PJMGPNPJ_01894	0
PJMGPNPJ_01895	0
PJMGPNPJ_01896	0
PJMGPNPJ_01897	0
PJMGPNPJ_01898	0
PJMGPNPJ_01899	0
PJMGPNPJ_01900	0
PJMGPNPJ_01901	0
PJMGPNPJ_01902	0
PJMGPNPJ_01903	0
PJMGPNPJ_01904	0
PJMGPNPJ_01905	0
PJMGPNPJ_01906	0
PJMGPNPJ_01907	0
PJMGPNPJ_01908	0
PJMGPNPJ_01909	0
PJMGPNPJ_01910	0
PJMGPNPJ_01911	0
PJMGPNPJ_01912	0
PJMGPNPJ_01913	0
PJMGPNPJ_01914	0
PJMGPNPJ_01915	0
PJMGPNPJ_01916	0
PJMGPNPJ_01917	0
PJMGPNPJ_01918	0
PJMGPNPJ_01919	0
PJMGPNPJ_01920	0
PJMGPNPJ_01921	0
PJMGPNPJ_01922	0
PJMGPNPJ_01923	0
PJMGPNPJ_01924	0
PJMGPNPJ_01925	0
PJMGPNPJ_01926	0
PJMGPNPJ_01927	0
PJMGPNPJ_01928	0
PJMGPNPJ_01929	0
PJMGPNPJ_01930	0
PJMGPNPJ_01931	0
PJMGPNPJ_01932	0
PJMGPNPJ_01934	0
PJMGPNPJ_01935	0
PJMGPNPJ_01936	0
PJMGPNPJ_01937	0
PJMGPNPJ_01938	0
PJMGPNPJ_01939	0
PJMGPNPJ_01940	0
PJMGPNPJ_01941	0
PJMGPNPJ_01942	0
PJMGPNPJ_01943	0
PJMGPNPJ_01944	0
PJMGPNPJ_01945	0
PJMGPNPJ_01946	0
PJMGPNPJ_01947	0
PJMGPNPJ_01948	0
PJMGPNPJ_01949	0
PJMGPNPJ_01950	0
PJMGPNPJ_01951	0
PJMGPNPJ_01952	0
PJMGPNPJ_01953	0
PJMGPNPJ_01954	0
PJMGPNPJ_01955	0
PJMGPNPJ_01956	0
PJMGPNPJ_01957	0
PJMGPNPJ_01958	0
PJMGPNPJ_01959	0
PJMGPNPJ_01960	0
PJMGPNPJ_01961	0
PJMGPNPJ_01962	0
PJMGPNPJ_01963	0
PJMGPNPJ_01964	0
PJMGPNPJ_01965	0
PJMGPNPJ_01966	0
PJMGPNPJ_01967	0
PJMGPNPJ_01968	0
PJMGPNPJ_01969	0
PJMGPNPJ_01970	0
PJMGPNPJ_01971	0
PJMGPNPJ_01972	0
PJMGPNPJ_01973	0
PJMGPNPJ_01974	0
PJMGPNPJ_01975	0
PJMGPNPJ_01976	0
PJMGPNPJ_01977	0
PJMGPNPJ_01978	0
PJMGPNPJ_01979	0
PJMGPNPJ_01980	0
PJMGPNPJ_01981	0
PJMGPNPJ_01982	0
PJMGPNPJ_01983	0
PJMGPNPJ_01984	0
PJMGPNPJ_01985	0
PJMGPNPJ_01986	0
PJMGPNPJ_01987	0
PJMGPNPJ_01988	0
PJMGPNPJ_01989	0
PJMGPNPJ_01990	0
PJMGPNPJ_01991	0
PJMGPNPJ_01992	0
PJMGPNPJ_01993	0
PJMGPNPJ_01994	0
PJMGPNPJ_01995	0
PJMGPNPJ_01996	0
PJMGPNPJ_01997	0
PJMGPNPJ_01998	0
PJMGPNPJ_01999	0
PJMGPNPJ_02000	0
PJMGPNPJ_02002	0
PJMGPNPJ_02003	0
PJMGPNPJ_02004	0
PJMGPNPJ_02005	0
PJMGPNPJ_02006	0
PJMGPNPJ_02007	0
PJMGPNPJ_02008	0
PJMGPNPJ_02009	0
PJMGPNPJ_02010	0
PJMGPNPJ_02011	0
PJMGPNPJ_02012	0
PJMGPNPJ_02013	0
PJMGPNPJ_02014	0
PJMGPNPJ_02015	0
PJMGPNPJ_02016	27662
PJMGPNPJ_02017	3770
PJMGPNPJ_02018	25156
PJMGPNPJ_02019	653
PJMGPNPJ_02020	1971
PJMGPNPJ_02021	1198
PJMGPNPJ_02022	634
PJMGPNPJ_02023	85
PJMGPNPJ_02024	77
PJMGPNPJ_02025	197
PJMGPNPJ_02026	21
PJMGPNPJ_02027	91
PJMGPNPJ_02028	8159
PJMGPNPJ_02029	8373
PJMGPNPJ_02030	4711
PJMGPNPJ_02031	3638
PJMGPNPJ_02032	20092
PJMGPNPJ_02033	19712
PJMGPNPJ_02034	6574
PJMGPNPJ_02035	12169
PJMGPNPJ_02036	421
PJMGPNPJ_02037	442
PJMGPNPJ_02038	4481
PJMGPNPJ_02039	17390
PJMGPNPJ_02040	2361
PJMGPNPJ_02041	4038
PJMGPNPJ_02042	1634
PJMGPNPJ_02043	51441
PJMGPNPJ_02044	41347
PJMGPNPJ_02045	31688
PJMGPNPJ_02046	9384
PJMGPNPJ_02048	12305
PJMGPNPJ_02049	245
PJMGPNPJ_02050	2698
PJMGPNPJ_02051	15751
PJMGPNPJ_02052	2569
PJMGPNPJ_02053	797
PJMGPNPJ_02054	806
PJMGPNPJ_02055	2558
PJMGPNPJ_02056	0
PJMGPNPJ_02057	0
PJMGPNPJ_02058	0
PJMGPNPJ_02059	0
PJMGPNPJ_02060	0
PJMGPNPJ_02061	0
PJMGPNPJ_02062	0
PJMGPNPJ_02063	0
PJMGPNPJ_02064	0
PJMGPNPJ_02065	0
PJMGPNPJ_02066	0
PJMGPNPJ_02067	0
PJMGPNPJ_02068	0
PJMGPNPJ_02069	0
PJMGPNPJ_02070	0
PJMGPNPJ_02071	0
PJMGPNPJ_02072	0
PJMGPNPJ_02073	0
PJMGPNPJ_02074	0
PJMGPNPJ_02075	0
PJMGPNPJ_02076	0
PJMGPNPJ_02077	0
PJMGPNPJ_02078	0
PJMGPNPJ_02079	0
PJMGPNPJ_02080	0
PJMGPNPJ_02081	0
PJMGPNPJ_02082	0
PJMGPNPJ_02083	0
PJMGPNPJ_02084	0
PJMGPNPJ_02085	0
PJMGPNPJ_02086	0
PJMGPNPJ_02087	0
PJMGPNPJ_02088	0
PJMGPNPJ_02089	0
PJMGPNPJ_02090	0
PJMGPNPJ_02091	0
PJMGPNPJ_02092	0
PJMGPNPJ_02093	0
PJMGPNPJ_02094	0
PJMGPNPJ_02095	0
PJMGPNPJ_02096	0
PJMGPNPJ_02097	0
PJMGPNPJ_02098	0
PJMGPNPJ_02099	0
PJMGPNPJ_02100	0
PJMGPNPJ_02101	0
PJMGPNPJ_02102	0
PJMGPNPJ_02103	0
PJMGPNPJ_02104	0
PJMGPNPJ_02105	0
PJMGPNPJ_02106	0
PJMGPNPJ_02107	0
PJMGPNPJ_02108	0
PJMGPNPJ_02109	0
PJMGPNPJ_02110	0
PJMGPNPJ_02111	0
PJMGPNPJ_02112	0
PJMGPNPJ_02113	0
PJMGPNPJ_02114	0
PJMGPNPJ_02115	0
PJMGPNPJ_02116	0
PJMGPNPJ_02117	0
PJMGPNPJ_02118	0
PJMGPNPJ_02119	0
PJMGPNPJ_02120	0
PJMGPNPJ_02121	0
PJMGPNPJ_02122	0
PJMGPNPJ_02123	0
PJMGPNPJ_02124	0
PJMGPNPJ_02125	0
PJMGPNPJ_02126	0
PJMGPNPJ_02127	0
PJMGPNPJ_02128	0
PJMGPNPJ_02129	0
PJMGPNPJ_02130	0
PJMGPNPJ_02131	0
PJMGPNPJ_02132	0
PJMGPNPJ_02133	0
PJMGPNPJ_02134	0
PJMGPNPJ_02135	0
PJMGPNPJ_02136	0
PJMGPNPJ_02137	0
PJMGPNPJ_02138	0
PJMGPNPJ_02139	0
PJMGPNPJ_02140	0
PJMGPNPJ_02141	0
PJMGPNPJ_02142	0
PJMGPNPJ_02143	0
PJMGPNPJ_02144	0
PJMGPNPJ_02145	0
PJMGPNPJ_02146	0
PJMGPNPJ_02147	0
PJMGPNPJ_02148	0
PJMGPNPJ_02149	0
PJMGPNPJ_02150	0
PJMGPNPJ_02151	0
PJMGPNPJ_02152	0
PJMGPNPJ_02153	0
PJMGPNPJ_02154	0
PJMGPNPJ_02155	0
PJMGPNPJ_02156	0
PJMGPNPJ_02157	0
PJMGPNPJ_02158	0
PJMGPNPJ_02159	0
PJMGPNPJ_02160	0
PJMGPNPJ_02161	0
PJMGPNPJ_02162	0
PJMGPNPJ_02163	0
PJMGPNPJ_02164	0
PJMGPNPJ_02165	0
PJMGPNPJ_02166	0
PJMGPNPJ_02167	0
PJMGPNPJ_02168	0
PJMGPNPJ_02169	0
PJMGPNPJ_02170	0
PJMGPNPJ_02171	0
PJMGPNPJ_02172	0
PJMGPNPJ_02173	0
PJMGPNPJ_02174	0
PJMGPNPJ_02175	0
PJMGPNPJ_02176	0
PJMGPNPJ_02177	0
PJMGPNPJ_02178	0
PJMGPNPJ_02179	0
PJMGPNPJ_02180	0
PJMGPNPJ_02181	0
PJMGPNPJ_02182	0
PJMGPNPJ_02183	0
PJMGPNPJ_02184	0
PJMGPNPJ_02185	0
PJMGPNPJ_02186	0
PJMGPNPJ_02187	0
PJMGPNPJ_02188	0
PJMGPNPJ_02189	0
PJMGPNPJ_02190	0
PJMGPNPJ_02191	0
PJMGPNPJ_02192	0
PJMGPNPJ_02193	0
PJMGPNPJ_02194	0
PJMGPNPJ_02195	0
PJMGPNPJ_02196	0
PJMGPNPJ_02197	0
PJMGPNPJ_02198	0
PJMGPNPJ_02199	0
PJMGPNPJ_02200	0
PJMGPNPJ_02201	0
PJMGPNPJ_02202	0
PJMGPNPJ_02203	0
PJMGPNPJ_02204	0
PJMGPNPJ_02205	0
PJMGPNPJ_02206	0
PJMGPNPJ_02207	0
PJMGPNPJ_02208	0
PJMGPNPJ_02209	0
PJMGPNPJ_02210	0
PJMGPNPJ_02211	0
PJMGPNPJ_02212	0
PJMGPNPJ_02213	0
PJMGPNPJ_02214	0
PJMGPNPJ_02215	0
PJMGPNPJ_02216	0
PJMGPNPJ_02217	0
PJMGPNPJ_02218	0
PJMGPNPJ_02219	0
PJMGPNPJ_02220	0
PJMGPNPJ_02221	0
PJMGPNPJ_02222	0
PJMGPNPJ_02223	0
PJMGPNPJ_02224	0
PJMGPNPJ_02225	0
PJMGPNPJ_02226	0
PJMGPNPJ_02227	0
PJMGPNPJ_02228	0
PJMGPNPJ_02229	0
PJMGPNPJ_02230	0
PJMGPNPJ_02231	0
PJMGPNPJ_02232	0
PJMGPNPJ_02233	0
PJMGPNPJ_02234	0
PJMGPNPJ_02235	0
PJMGPNPJ_02236	0
PJMGPNPJ_02237	0
PJMGPNPJ_02238	0
PJMGPNPJ_02239	0
PJMGPNPJ_02240	0
PJMGPNPJ_02241	0
PJMGPNPJ_02242	0
PJMGPNPJ_02243	0
PJMGPNPJ_02244	0
PJMGPNPJ_02245	0
PJMGPNPJ_02246	0
PJMGPNPJ_02247	0
PJMGPNPJ_02248	0
PJMGPNPJ_02249	0
PJMGPNPJ_02250	0
PJMGPNPJ_02251	0
PJMGPNPJ_02252	0
PJMGPNPJ_02253	0
PJMGPNPJ_02254	0
PJMGPNPJ_02255	0
PJMGPNPJ_02256	0
PJMGPNPJ_02257	0
PJMGPNPJ_02258	0
PJMGPNPJ_02259	0
PJMGPNPJ_02260	0
PJMGPNPJ_02261	0
PJMGPNPJ_02262	0
PJMGPNPJ_02263	0
PJMGPNPJ_02264	0
PJMGPNPJ_02265	0
PJMGPNPJ_02266	0
PJMGPNPJ_02267	0
PJMGPNPJ_02268	0
PJMGPNPJ_02269	0
PJMGPNPJ_02270	0
PJMGPNPJ_02271	0
PJMGPNPJ_02272	0
PJMGPNPJ_02273	0
PJMGPNPJ_02274	0
PJMGPNPJ_02275	0
PJMGPNPJ_02276	0
PJMGPNPJ_02277	0
PJMGPNPJ_02278	0
PJMGPNPJ_02279	0
PJMGPNPJ_02280	0
PJMGPNPJ_02281	0
PJMGPNPJ_02282	0
PJMGPNPJ_02283	0
PJMGPNPJ_02284	0
PJMGPNPJ_02285	0
PJMGPNPJ_02286	0
PJMGPNPJ_02287	0
PJMGPNPJ_02288	0
PJMGPNPJ_02289	0
PJMGPNPJ_02290	0
PJMGPNPJ_02291	0
PJMGPNPJ_02292	0
PJMGPNPJ_02293	0
PJMGPNPJ_02294	0
PJMGPNPJ_02295	0
PJMGPNPJ_02296	0
PJMGPNPJ_02297	0
PJMGPNPJ_02298	0
PJMGPNPJ_02299	0
PJMGPNPJ_02300	0
PJMGPNPJ_02301	0
PJMGPNPJ_02302	0
PJMGPNPJ_02303	0
PJMGPNPJ_02304	0
PJMGPNPJ_02305	0
PJMGPNPJ_02306	0
PJMGPNPJ_02307	0
PJMGPNPJ_02308	0
PJMGPNPJ_02309	0
PJMGPNPJ_02310	0
PJMGPNPJ_02311	0
PJMGPNPJ_02312	0
PJMGPNPJ_02313	0
PJMGPNPJ_02314	0
PJMGPNPJ_02315	0
PJMGPNPJ_02316	0
PJMGPNPJ_02317	0
PJMGPNPJ_02318	0
PJMGPNPJ_02319	0
PJMGPNPJ_02320	0
PJMGPNPJ_02321	0
PJMGPNPJ_02322	0
PJMGPNPJ_02323	0
PJMGPNPJ_02324	0
PJMGPNPJ_02325	0
PJMGPNPJ_02326	0
PJMGPNPJ_02327	0
PJMGPNPJ_02328	0
PJMGPNPJ_02329	0
PJMGPNPJ_02330	0
PJMGPNPJ_02331	0
PJMGPNPJ_02332	0
PJMGPNPJ_02333	0
PJMGPNPJ_02334	0
PJMGPNPJ_02335	0
PJMGPNPJ_02336	0
PJMGPNPJ_02337	0
PJMGPNPJ_02338	0
PJMGPNPJ_02339	0
PJMGPNPJ_02340	0
PJMGPNPJ_02341	0
PJMGPNPJ_02342	0
PJMGPNPJ_02343	0
PJMGPNPJ_02344	0
PJMGPNPJ_02345	0
PJMGPNPJ_02346	0
PJMGPNPJ_02347	0
PJMGPNPJ_02348	0
PJMGPNPJ_02349	0
PJMGPNPJ_02350	0
PJMGPNPJ_02351	0
PJMGPNPJ_02352	0
PJMGPNPJ_02353	0
PJMGPNPJ_02354	0
PJMGPNPJ_02355	0
PJMGPNPJ_02356	0
PJMGPNPJ_02357	0
PJMGPNPJ_02358	0
PJMGPNPJ_02359	0
PJMGPNPJ_02360	0
PJMGPNPJ_02361	0
PJMGPNPJ_02362	0
PJMGPNPJ_02363	0
PJMGPNPJ_02364	0
PJMGPNPJ_02365	0
PJMGPNPJ_02366	0
PJMGPNPJ_02367	0
PJMGPNPJ_02368	0
PJMGPNPJ_02369	0
PJMGPNPJ_02370	0
PJMGPNPJ_02371	0
PJMGPNPJ_02372	0
PJMGPNPJ_02373	0
PJMGPNPJ_02374	0
PJMGPNPJ_02375	0
PJMGPNPJ_02376	0
PJMGPNPJ_02377	0
PJMGPNPJ_02378	0
PJMGPNPJ_02379	0
PJMGPNPJ_02380	0
PJMGPNPJ_02381	0
PJMGPNPJ_02382	0
PJMGPNPJ_02383	0
PJMGPNPJ_02384	0
PJMGPNPJ_02385	0
PJMGPNPJ_02386	0
PJMGPNPJ_02387	0
PJMGPNPJ_02388	0
PJMGPNPJ_02389	0
PJMGPNPJ_02390	0
PJMGPNPJ_02391	0
PJMGPNPJ_02392	0
PJMGPNPJ_02393	0
PJMGPNPJ_02394	0
PJMGPNPJ_02395	0
PJMGPNPJ_02396	0
PJMGPNPJ_02397	0
PJMGPNPJ_02398	0
PJMGPNPJ_02399	0
PJMGPNPJ_02400	0
PJMGPNPJ_02401	0
PJMGPNPJ_02402	0
PJMGPNPJ_02403	0
PJMGPNPJ_02404	0
PJMGPNPJ_02405	0
PJMGPNPJ_02406	0
PJMGPNPJ_02407	0
PJMGPNPJ_02408	0
PJMGPNPJ_02409	0
PJMGPNPJ_02410	0
PJMGPNPJ_02411	0
PJMGPNPJ_02412	0
PJMGPNPJ_02413	0
PJMGPNPJ_02414	0
PJMGPNPJ_02415	0
PJMGPNPJ_02416	0
PJMGPNPJ_02417	0
PJMGPNPJ_02418	0
PJMGPNPJ_02419	0
PJMGPNPJ_02420	0
PJMGPNPJ_02421	0
PJMGPNPJ_02422	0
PJMGPNPJ_02423	0
PJMGPNPJ_02424	0
PJMGPNPJ_02425	0
PJMGPNPJ_02426	0
PJMGPNPJ_02427	0
PJMGPNPJ_02428	0
PJMGPNPJ_02429	0
PJMGPNPJ_02430	0
PJMGPNPJ_02431	0
PJMGPNPJ_02432	0
PJMGPNPJ_02433	0
PJMGPNPJ_02434	0
PJMGPNPJ_02435	0
PJMGPNPJ_02436	0
PJMGPNPJ_02437	0
PJMGPNPJ_02438	0
PJMGPNPJ_02439	0
PJMGPNPJ_02440	0
PJMGPNPJ_02441	0
PJMGPNPJ_02442	0
PJMGPNPJ_02443	0
PJMGPNPJ_02444	0
PJMGPNPJ_02445	0
PJMGPNPJ_02446	0
PJMGPNPJ_02447	0
PJMGPNPJ_02448	0
PJMGPNPJ_02449	0
PJMGPNPJ_02450	0
PJMGPNPJ_02451	0
PJMGPNPJ_02452	0
PJMGPNPJ_02453	0
PJMGPNPJ_02454	0
PJMGPNPJ_02455	0
PJMGPNPJ_02456	0
PJMGPNPJ_02457	0
PJMGPNPJ_02458	0
PJMGPNPJ_02459	0
PJMGPNPJ_02460	0
PJMGPNPJ_02461	0
PJMGPNPJ_02462	0
PJMGPNPJ_02463	0
PJMGPNPJ_02464	0
PJMGPNPJ_02465	0
PJMGPNPJ_02466	0
PJMGPNPJ_02467	0
PJMGPNPJ_02468	0
PJMGPNPJ_02469	0
PJMGPNPJ_02470	0
PJMGPNPJ_02471	0
PJMGPNPJ_02472	0
PJMGPNPJ_02473	0
PJMGPNPJ_02474	0
PJMGPNPJ_02475	0
PJMGPNPJ_02476	0
PJMGPNPJ_02477	0
PJMGPNPJ_02478	0
PJMGPNPJ_02479	0
PJMGPNPJ_02480	0
PJMGPNPJ_02481	0
PJMGPNPJ_02482	0
PJMGPNPJ_02483	0
PJMGPNPJ_02484	0
PJMGPNPJ_02485	0
PJMGPNPJ_02486	0
PJMGPNPJ_02487	0
PJMGPNPJ_02488	0
PJMGPNPJ_02489	0
PJMGPNPJ_02490	0
PJMGPNPJ_02491	0
PJMGPNPJ_02492	0
PJMGPNPJ_02493	0
PJMGPNPJ_02494	0
PJMGPNPJ_02495	0
PJMGPNPJ_02496	0
PJMGPNPJ_02497	0
PJMGPNPJ_02498	0
PJMGPNPJ_02499	0
PJMGPNPJ_02500	0
PJMGPNPJ_02501	0
PJMGPNPJ_02504	0
PJMGPNPJ_02505	0
PJMGPNPJ_02506	0
PJMGPNPJ_02507	0
PJMGPNPJ_02508	0
PJMGPNPJ_02509	0
PJMGPNPJ_02510	0
PJMGPNPJ_02511	0
PJMGPNPJ_02512	0
PJMGPNPJ_02513	0
PJMGPNPJ_02514	0
PJMGPNPJ_02515	0
PJMGPNPJ_02516	0
PJMGPNPJ_02517	0
PJMGPNPJ_02518	0
PJMGPNPJ_02519	0
PJMGPNPJ_02520	0
PJMGPNPJ_02521	0
PJMGPNPJ_02522	0
PJMGPNPJ_02523	0
PJMGPNPJ_02524	0
PJMGPNPJ_02525	0
PJMGPNPJ_02526	0
PJMGPNPJ_02527	0
PJMGPNPJ_02528	0
PJMGPNPJ_02529	0
PJMGPNPJ_02530	0
PJMGPNPJ_02531	0
PJMGPNPJ_02532	0
PJMGPNPJ_02533	0
PJMGPNPJ_02534	0
PJMGPNPJ_02535	0
PJMGPNPJ_02536	0
PJMGPNPJ_02537	0
PJMGPNPJ_02538	0
PJMGPNPJ_02539	0
PJMGPNPJ_02540	0
PJMGPNPJ_02541	0
PJMGPNPJ_02542	0
PJMGPNPJ_02543	0
PJMGPNPJ_02544	0
PJMGPNPJ_02545	0
PJMGPNPJ_02546	0
PJMGPNPJ_02547	0
PJMGPNPJ_02548	0
PJMGPNPJ_02549	0
PJMGPNPJ_02550	0
PJMGPNPJ_02551	0
PJMGPNPJ_02552	0
PJMGPNPJ_02553	0
PJMGPNPJ_02554	0
PJMGPNPJ_02555	0
PJMGPNPJ_02556	0
PJMGPNPJ_02557	0
PJMGPNPJ_02558	0
PJMGPNPJ_02559	0
PJMGPNPJ_02560	0
PJMGPNPJ_02561	0
PJMGPNPJ_02562	0
PJMGPNPJ_02563	0
PJMGPNPJ_02564	0
PJMGPNPJ_02565	0
PJMGPNPJ_02566	0
PJMGPNPJ_02567	0
PJMGPNPJ_02568	0
PJMGPNPJ_02569	0
PJMGPNPJ_02570	0
PJMGPNPJ_02571	0
PJMGPNPJ_02572	0
PJMGPNPJ_02573	0
PJMGPNPJ_02574	0
PJMGPNPJ_02575	0
PJMGPNPJ_02576	0
PJMGPNPJ_02577	0
PJMGPNPJ_02578	0
PJMGPNPJ_02579	0
PJMGPNPJ_02580	0
PJMGPNPJ_02581	0
PJMGPNPJ_02582	0
PJMGPNPJ_02583	0
PJMGPNPJ_02584	0
PJMGPNPJ_02585	0
PJMGPNPJ_02586	0
PJMGPNPJ_02587	0
PJMGPNPJ_02588	0
PJMGPNPJ_02589	0
PJMGPNPJ_02590	0
PJMGPNPJ_02591	0
PJMGPNPJ_02592	0
PJMGPNPJ_02593	0
PJMGPNPJ_02594	0
PJMGPNPJ_02595	0
PJMGPNPJ_02596	0
PJMGPNPJ_02597	0
PJMGPNPJ_02598	0
PJMGPNPJ_02599	0
PJMGPNPJ_02600	0
PJMGPNPJ_02601	0
PJMGPNPJ_02602	0
PJMGPNPJ_02603	0
PJMGPNPJ_02613	0
PJMGPNPJ_02614	0
PJMGPNPJ_02615	0
PJMGPNPJ_02616	0
PJMGPNPJ_02617	0
PJMGPNPJ_02618	0
PJMGPNPJ_02619	0
PJMGPNPJ_02620	0
PJMGPNPJ_02621	0
PJMGPNPJ_02622	0
PJMGPNPJ_02623	0
PJMGPNPJ_02624	0
PJMGPNPJ_02625	0
PJMGPNPJ_02626	0
PJMGPNPJ_02627	0
PJMGPNPJ_02628	0
PJMGPNPJ_02629	0
PJMGPNPJ_02630	0
PJMGPNPJ_02631	0
PJMGPNPJ_02632	0
PJMGPNPJ_02633	0
PJMGPNPJ_02634	0
PJMGPNPJ_02635	0
PJMGPNPJ_02636	0
PJMGPNPJ_02637	0
PJMGPNPJ_02638	0
PJMGPNPJ_02639	0
PJMGPNPJ_02640	0
PJMGPNPJ_02641	0
PJMGPNPJ_02642	0
PJMGPNPJ_02643	0
PJMGPNPJ_02644	0
PJMGPNPJ_02645	0
PJMGPNPJ_02646	0
PJMGPNPJ_02647	0
PJMGPNPJ_02648	0
PJMGPNPJ_02649	0
PJMGPNPJ_02650	0
PJMGPNPJ_02651	0
PJMGPNPJ_02652	0
PJMGPNPJ_02653	0
PJMGPNPJ_02654	0
PJMGPNPJ_02655	0
PJMGPNPJ_02656	0
PJMGPNPJ_02657	0
PJMGPNPJ_02658	0
PJMGPNPJ_02659	0
PJMGPNPJ_02660	0
PJMGPNPJ_02661	0
PJMGPNPJ_02662	0
PJMGPNPJ_02663	0
PJMGPNPJ_02664	0
PJMGPNPJ_02665	0
PJMGPNPJ_02666	0
PJMGPNPJ_02667	0
PJMGPNPJ_02668	0
PJMGPNPJ_02669	0
PJMGPNPJ_02670	0
PJMGPNPJ_02671	0
PJMGPNPJ_02672	0
PJMGPNPJ_02673	0
PJMGPNPJ_02674	0
PJMGPNPJ_02675	0
PJMGPNPJ_02676	0
PJMGPNPJ_02677	0
PJMGPNPJ_02678	0
PJMGPNPJ_02679	0
PJMGPNPJ_02680	0
PJMGPNPJ_02681	0
PJMGPNPJ_02682	0
PJMGPNPJ_02683	0
PJMGPNPJ_02684	0
PJMGPNPJ_02685	0
PJMGPNPJ_02686	0
PJMGPNPJ_02687	0
PJMGPNPJ_02688	0
PJMGPNPJ_02689	0
PJMGPNPJ_02690	0
PJMGPNPJ_02691	0
PJMGPNPJ_02692	0
PJMGPNPJ_02693	0
PJMGPNPJ_02694	0
PJMGPNPJ_02695	0
PJMGPNPJ_02696	0
PJMGPNPJ_02697	0
PJMGPNPJ_02698	0
PJMGPNPJ_02699	0
PJMGPNPJ_02700	0
PJMGPNPJ_02701	0
PJMGPNPJ_02702	0
PJMGPNPJ_02703	0
PJMGPNPJ_02704	0
PJMGPNPJ_02705	0
PJMGPNPJ_02706	0
PJMGPNPJ_02707	0
PJMGPNPJ_02708	0
PJMGPNPJ_02709	0
PJMGPNPJ_02710	0
PJMGPNPJ_02711	0
PJMGPNPJ_02712	0
PJMGPNPJ_02713	0
PJMGPNPJ_02714	0
PJMGPNPJ_02715	0
PJMGPNPJ_02716	0
PJMGPNPJ_02717	0
PJMGPNPJ_02718	0
PJMGPNPJ_02719	0
PJMGPNPJ_02720	0
PJMGPNPJ_02721	0
PJMGPNPJ_02722	0
PJMGPNPJ_02723	0
PJMGPNPJ_02724	0
PJMGPNPJ_02725	0
PJMGPNPJ_02726	0
PJMGPNPJ_02727	0
PJMGPNPJ_02728	0
PJMGPNPJ_02729	0
PJMGPNPJ_02730	0
PJMGPNPJ_02731	0
PJMGPNPJ_02732	0
PJMGPNPJ_02733	0
PJMGPNPJ_02734	0
PJMGPNPJ_02735	0
PJMGPNPJ_02736	0
PJMGPNPJ_02737	0
PJMGPNPJ_02738	0
PJMGPNPJ_02739	0
PJMGPNPJ_02740	0
PJMGPNPJ_02741	0
PJMGPNPJ_02742	0
PJMGPNPJ_02743	0
PJMGPNPJ_02744	0
PJMGPNPJ_02745	0
PJMGPNPJ_02746	0
PJMGPNPJ_02747	0
PJMGPNPJ_02748	0
PJMGPNPJ_02749	0
PJMGPNPJ_02750	0
PJMGPNPJ_02751	0
PJMGPNPJ_02752	0
PJMGPNPJ_02753	0
PJMGPNPJ_02754	0
PJMGPNPJ_02755	0
PJMGPNPJ_02756	0
PJMGPNPJ_02757	0
PJMGPNPJ_02758	0
PJMGPNPJ_02759	0
PJMGPNPJ_02760	0
PJMGPNPJ_02761	0
PJMGPNPJ_02762	0
PJMGPNPJ_02763	0
PJMGPNPJ_02764	0
PJMGPNPJ_02765	0
PJMGPNPJ_02766	0
PJMGPNPJ_02767	0
PJMGPNPJ_02768	0
PJMGPNPJ_02769	0
PJMGPNPJ_02770	0
PJMGPNPJ_02771	0
PJMGPNPJ_02772	0
PJMGPNPJ_02773	0
PJMGPNPJ_02774	0
PJMGPNPJ_02775	0
PJMGPNPJ_02776	0
PJMGPNPJ_02777	0
PJMGPNPJ_02778	0
PJMGPNPJ_02779	0
PJMGPNPJ_02780	0
PJMGPNPJ_02781	0
PJMGPNPJ_02782	0
PJMGPNPJ_02783	0
PJMGPNPJ_02784	0
PJMGPNPJ_02785	0
PJMGPNPJ_02786	0
PJMGPNPJ_02787	0
PJMGPNPJ_02788	0
PJMGPNPJ_02789	0
PJMGPNPJ_02790	0
PJMGPNPJ_02791	0
PJMGPNPJ_02792	0
PJMGPNPJ_02793	0
PJMGPNPJ_02794	0
PJMGPNPJ_02795	0
PJMGPNPJ_02796	0
PJMGPNPJ_02797	0
PJMGPNPJ_02798	0
PJMGPNPJ_02799	0
PJMGPNPJ_02800	0
PJMGPNPJ_02801	0
PJMGPNPJ_02802	0
PJMGPNPJ_02803	0
PJMGPNPJ_02804	0
PJMGPNPJ_02805	0
PJMGPNPJ_02806	0
PJMGPNPJ_02807	0
PJMGPNPJ_02808	0
PJMGPNPJ_02809	0
PJMGPNPJ_02810	0
PJMGPNPJ_02811	0
PJMGPNPJ_02812	0
PJMGPNPJ_02813	0
PJMGPNPJ_02814	0
PJMGPNPJ_02815	0
PJMGPNPJ_02816	0
PJMGPNPJ_02817	0
PJMGPNPJ_02818	0
PJMGPNPJ_02819	0
PJMGPNPJ_02820	0
PJMGPNPJ_02821	0
PJMGPNPJ_02822	0
PJMGPNPJ_02823	0
PJMGPNPJ_02824	0
PJMGPNPJ_02825	0
PJMGPNPJ_02826	0
PJMGPNPJ_02827	0
PJMGPNPJ_02828	0
PJMGPNPJ_02829	0
PJMGPNPJ_02830	0
PJMGPNPJ_02831	0
PJMGPNPJ_02832	0
PJMGPNPJ_02833	0
PJMGPNPJ_02834	0
PJMGPNPJ_02835	0
PJMGPNPJ_02836	0
PJMGPNPJ_02837	0
PJMGPNPJ_02838	0
PJMGPNPJ_02839	0
PJMGPNPJ_02840	0
PJMGPNPJ_02841	0
PJMGPNPJ_02842	0
PJMGPNPJ_02843	0
PJMGPNPJ_02844	0
PJMGPNPJ_02845	0
PJMGPNPJ_02846	0
PJMGPNPJ_02847	0
PJMGPNPJ_02848	0
PJMGPNPJ_02849	0
PJMGPNPJ_02850	0
PJMGPNPJ_02851	0
PJMGPNPJ_02852	0
PJMGPNPJ_02853	0
PJMGPNPJ_02854	0
PJMGPNPJ_02855	0
PJMGPNPJ_02856	0
PJMGPNPJ_02857	0
PJMGPNPJ_02858	0
PJMGPNPJ_02859	0
PJMGPNPJ_02860	0
PJMGPNPJ_02861	0
PJMGPNPJ_02862	0
PJMGPNPJ_02863	0
PJMGPNPJ_02864	0
PJMGPNPJ_02879	0
PJMGPNPJ_02880	0
PJMGPNPJ_02881	0
PJMGPNPJ_02882	0
PJMGPNPJ_02883	0
PJMGPNPJ_02884	0
PJMGPNPJ_02885	0
PJMGPNPJ_02886	0
PJMGPNPJ_02887	0
PJMGPNPJ_02888	0
PJMGPNPJ_02889	0
PJMGPNPJ_02890	0
PJMGPNPJ_02891	0
PJMGPNPJ_02892	0
PJMGPNPJ_02893	0
PJMGPNPJ_02894	0
PJMGPNPJ_02895	0
PJMGPNPJ_02896	0
PJMGPNPJ_02897	0
PJMGPNPJ_02898	0
PJMGPNPJ_02899	0
PJMGPNPJ_02900	0
PJMGPNPJ_02901	0
PJMGPNPJ_02902	0
PJMGPNPJ_02903	0
PJMGPNPJ_02904	0
PJMGPNPJ_02905	0
PJMGPNPJ_02906	0
PJMGPNPJ_02907	0
PJMGPNPJ_02908	0
PJMGPNPJ_02909	0
PJMGPNPJ_02910	0
PJMGPNPJ_02911	0
PJMGPNPJ_02912	0
PJMGPNPJ_02913	0
PJMGPNPJ_02914	0
PJMGPNPJ_02915	0
PJMGPNPJ_02916	0
PJMGPNPJ_02917	0
PJMGPNPJ_02918	0
PJMGPNPJ_02919	0
PJMGPNPJ_02920	0
PJMGPNPJ_02921	0
PJMGPNPJ_02922	0
PJMGPNPJ_02923	0
PJMGPNPJ_02924	0
PJMGPNPJ_02925	0
PJMGPNPJ_02926	0
PJMGPNPJ_02927	0
PJMGPNPJ_02933	0
PJMGPNPJ_02934	0
PJMGPNPJ_02935	0
PJMGPNPJ_02936	0
PJMGPNPJ_02937	0
PJMGPNPJ_02938	0
PJMGPNPJ_02939	0
PJMGPNPJ_02940	0
PJMGPNPJ_02941	0
PJMGPNPJ_02942	0
PJMGPNPJ_02943	0
PJMGPNPJ_02944	0
PJMGPNPJ_02945	0
PJMGPNPJ_02946	0
PJMGPNPJ_02947	0
PJMGPNPJ_02948	0
PJMGPNPJ_02949	0
PJMGPNPJ_02950	0
PJMGPNPJ_02951	0
PJMGPNPJ_02952	0
PJMGPNPJ_02953	0
PJMGPNPJ_02954	0
PJMGPNPJ_02955	0
PJMGPNPJ_02956	0
PJMGPNPJ_02957	0
PJMGPNPJ_02958	0
PJMGPNPJ_02959	0
PJMGPNPJ_02960	0
PJMGPNPJ_02961	0
PJMGPNPJ_02962	0
PJMGPNPJ_02963	0
PJMGPNPJ_02964	0
PJMGPNPJ_02965	0
PJMGPNPJ_02966	0
PJMGPNPJ_02967	0
PJMGPNPJ_02968	0
PJMGPNPJ_02969	0
PJMGPNPJ_02970	0
PJMGPNPJ_02971	0
PJMGPNPJ_02972	0
PJMGPNPJ_02973	0
PJMGPNPJ_02974	0
PJMGPNPJ_02975	0
PJMGPNPJ_02976	0
PJMGPNPJ_02977	0
PJMGPNPJ_02978	0
PJMGPNPJ_02979	0
PJMGPNPJ_02980	0
PJMGPNPJ_02981	0
PJMGPNPJ_02982	0
PJMGPNPJ_02983	0
PJMGPNPJ_02984	0
PJMGPNPJ_02985	0
PJMGPNPJ_02986	0
PJMGPNPJ_02987	0
PJMGPNPJ_02988	0
PJMGPNPJ_02989	0
PJMGPNPJ_02990	0
PJMGPNPJ_02991	0
PJMGPNPJ_02992	0
PJMGPNPJ_02993	0
PJMGPNPJ_02994	0
PJMGPNPJ_02995	0
PJMGPNPJ_02996	0
PJMGPNPJ_02997	0
PJMGPNPJ_02998	0
PJMGPNPJ_02999	0
PJMGPNPJ_03000	0
PJMGPNPJ_03001	0
PJMGPNPJ_03002	0
PJMGPNPJ_03003	0
PJMGPNPJ_03004	0
PJMGPNPJ_03005	0
PJMGPNPJ_03006	0
PJMGPNPJ_03007	0
PJMGPNPJ_03008	0
PJMGPNPJ_03009	0
PJMGPNPJ_03010	0
PJMGPNPJ_03011	0
PJMGPNPJ_03012	0
PJMGPNPJ_03013	0
PJMGPNPJ_03014	0
PJMGPNPJ_03015	0
PJMGPNPJ_03016	0
PJMGPNPJ_03017	0
PJMGPNPJ_03018	0
PJMGPNPJ_03019	0
PJMGPNPJ_03020	0
PJMGPNPJ_03021	0
PJMGPNPJ_03022	0
PJMGPNPJ_03023	0
PJMGPNPJ_03024	0
PJMGPNPJ_03025	0
PJMGPNPJ_03026	0
PJMGPNPJ_03027	0
PJMGPNPJ_03028	0
PJMGPNPJ_03029	0
PJMGPNPJ_03030	0
PJMGPNPJ_03031	0
PJMGPNPJ_03032	0
PJMGPNPJ_03033	0
PJMGPNPJ_03034	0
PJMGPNPJ_03035	0
PJMGPNPJ_03036	0
PJMGPNPJ_03037	0
PJMGPNPJ_03038	0
PJMGPNPJ_03039	0
PJMGPNPJ_03040	0
PJMGPNPJ_03041	0
PJMGPNPJ_03042	0
PJMGPNPJ_03043	0
PJMGPNPJ_03044	0
PJMGPNPJ_03045	0
PJMGPNPJ_03046	0
PJMGPNPJ_03047	0
__no_feature	81383590
__ambiguous	32121
__too_low_aQual	1407888
__not_aligned	394399
__alignment_not_unique	0
